[2026-04-09 18:39:49] local.ERROR: SQLSTATE[42S21]: Column already exists: 1060 Duplicate column name 'created_at' (Connection: mysql, Host: 127.0.0.1, Port: 3306, Database: suliradionaiv, SQL: create table `esemeny` (`id` bigint unsigned not null auto_increment primary key, `sqlesemeny` enum('insert', 'update', 'delete') not null, `tabla` text null, `regisor` text null, `ujsor` text null, `created_at` timestamp null, `updated_at` timestamp null, `ki` text null, `created_at` timestamp null, `updated_at` timestamp null) default character set utf8mb4 collate 'utf8mb4_unicode_ci' engine = InnoDB) {"exception":"[object] (Illuminate\\Database\\QueryException(code: 42S21): SQLSTATE[42S21]: Column already exists: 1060 Duplicate column name 'created_at' (Connection: mysql, Host: 127.0.0.1, Port: 3306, Database: suliradionaiv, SQL: create table `esemeny` (`id` bigint unsigned not null auto_increment primary key, `sqlesemeny` enum('insert', 'update', 'delete') not null, `tabla` text null, `regisor` text null, `ujsor` text null, `created_at` timestamp null, `updated_at` timestamp null, `ki` text null, `created_at` timestamp null, `updated_at` timestamp null) default character set utf8mb4 collate 'utf8mb4_unicode_ci' engine = InnoDB) at C:/Users/Win11Prem2026Marcius/Desktop/sulinaiv1/vendor/laravel/framework/src/Illuminate/Database/Connection.php:838)
[stacktrace]
#0 C:/Users/Win11Prem2026Marcius/Desktop/sulinaiv1/vendor/laravel/framework/src/Illuminate/Database/Connection.php(794): Illuminate/Database/Connection->runQueryCallback('create table `e...', Array, Object(Closure))
#1 C:/Users/Win11Prem2026Marcius/Desktop/sulinaiv1/vendor/laravel/framework/src/Illuminate/Database/Connection.php(573): Illuminate/Database/Connection->run('create table `e...', Array, Object(Closure))
#2 C:/Users/Win11Prem2026Marcius/Desktop/sulinaiv1/vendor/laravel/framework/src/Illuminate/Database/Schema/Blueprint.php(121): Illuminate/Database/Connection->statement('create table `e...')
#3 C:/Users/Win11Prem2026Marcius/Desktop/sulinaiv1/vendor/laravel/framework/src/Illuminate/Database/Schema/Builder.php(686): Illuminate/Database/Schema/Blueprint->build()
#4 C:/Users/Win11Prem2026Marcius/Desktop/sulinaiv1/vendor/laravel/framework/src/Illuminate/Database/Schema/Builder.php(506): Illuminate/Database/Schema/Builder->build(Object(Illuminate/Database/Schema/Blueprint))
#5 C:/Users/Win11Prem2026Marcius/Desktop/sulinaiv1/vendor/laravel/framework/src/Illuminate/Support/Facades/Facade.php(363): Illuminate/Database/Schema/Builder->create('esemeny', Object(Closure))
#6 C:/Users/Win11Prem2026Marcius/Desktop/sulinaiv1/database/migrations/2026_03_29_130850_mig1.php(73): Illuminate/Support/Facades/Facade::__callStatic('create', Array)
#7 C:/Users/Win11Prem2026Marcius/Desktop/sulinaiv1/vendor/laravel/framework/src/Illuminate/Database/Migrations/Migrator.php(517): Illuminate/Database/Migrations/Migration@anonymous->up()
#8 C:/Users/Win11Prem2026Marcius/Desktop/sulinaiv1/vendor/laravel/framework/src/Illuminate/Database/Migrations/Migrator.php(442): Illuminate/Database/Migrations/Migrator->runMethod(Object(Illuminate/Database/MySqlConnection), Object(Illuminate/Database/Migrations/Migration@anonymous), 'up')
#9 C:/Users/Win11Prem2026Marcius/Desktop/sulinaiv1/vendor/laravel/framework/src/Illuminate/Database/Migrations/Migrator.php(451): Illuminate/Database/Migrations/Migrator->Illuminate/Database/Migrations/{closure}()
#10 C:/Users/Win11Prem2026Marcius/Desktop/sulinaiv1/vendor/laravel/framework/src/Illuminate/Database/Migrations/Migrator.php(253): Illuminate/Database/Migrations/Migrator->runMigration(Object(Illuminate/Database/Migrations/Migration@anonymous), 'up')
#11 C:/Users/Win11Prem2026Marcius/Desktop/sulinaiv1/vendor/laravel/framework/src/Illuminate/Console/View/Components/Task.php(41): Illuminate/Database/Migrations/Migrator->Illuminate/Database/Migrations/{closure}()
#12 C:/Users/Win11Prem2026Marcius/Desktop/sulinaiv1/vendor/laravel/framework/src/Illuminate/Database/Migrations/Migrator.php(814): Illuminate/Console/View/Components/Task->render('2026_03_29_1308...', Object(Closure))
#13 C:/Users/Win11Prem2026Marcius/Desktop/sulinaiv1/vendor/laravel/framework/src/Illuminate/Database/Migrations/Migrator.php(253): Illuminate/Database/Migrations/Migrator->write('Illuminate//Cons...', '2026_03_29_1308...', Object(Closure))
#14 C:/Users/Win11Prem2026Marcius/Desktop/sulinaiv1/vendor/laravel/framework/src/Illuminate/Database/Migrations/Migrator.php(211): Illuminate/Database/Migrations/Migrator->runUp('C://Users//Win11P...', 1, false)
#15 C:/Users/Win11Prem2026Marcius/Desktop/sulinaiv1/vendor/laravel/framework/src/Illuminate/Database/Migrations/Migrator.php(138): Illuminate/Database/Migrations/Migrator->runPending(Array, Array)
#16 C:/Users/Win11Prem2026Marcius/Desktop/sulinaiv1/vendor/laravel/framework/src/Illuminate/Database/Console/Migrations/MigrateCommand.php(116): Illuminate/Database/Migrations/Migrator->run(Array, Array)
#17 C:/Users/Win11Prem2026Marcius/Desktop/sulinaiv1/vendor/laravel/framework/src/Illuminate/Database/Migrations/Migrator.php(671): Illuminate/Database/Console/Migrations/MigrateCommand->Illuminate/Database/Console/Migrations/{closure}()
#18 C:/Users/Win11Prem2026Marcius/Desktop/sulinaiv1/vendor/laravel/framework/src/Illuminate/Database/Console/Migrations/MigrateCommand.php(109): Illuminate/Database/Migrations/Migrator->usingConnection(NULL, Object(Closure))
#19 C:/Users/Win11Prem2026Marcius/Desktop/sulinaiv1/vendor/laravel/framework/src/Illuminate/Database/Console/Migrations/MigrateCommand.php(88): Illuminate/Database/Console/Migrations/MigrateCommand->runMigrations()
#20 C:/Users/Win11Prem2026Marcius/Desktop/sulinaiv1/vendor/laravel/framework/src/Illuminate/Container/BoundMethod.php(36): Illuminate/Database/Console/Migrations/MigrateCommand->handle()
#21 C:/Users/Win11Prem2026Marcius/Desktop/sulinaiv1/vendor/laravel/framework/src/Illuminate/Container/Util.php(43): Illuminate/Container/BoundMethod::Illuminate/Container/{closure}()
#22 C:/Users/Win11Prem2026Marcius/Desktop/sulinaiv1/vendor/laravel/framework/src/Illuminate/Container/BoundMethod.php(96): Illuminate/Container/Util::unwrapIfClosure(Object(Closure))
#23 C:/Users/Win11Prem2026Marcius/Desktop/sulinaiv1/vendor/laravel/framework/src/Illuminate/Container/BoundMethod.php(35): Illuminate/Container/BoundMethod::callBoundMethod(Object(Illuminate/Foundation/Application), Array, Object(Closure))
#24 C:/Users/Win11Prem2026Marcius/Desktop/sulinaiv1/vendor/laravel/framework/src/Illuminate/Container/Container.php(799): Illuminate/Container/BoundMethod::call(Object(Illuminate/Foundation/Application), Array, Array, NULL)
#25 C:/Users/Win11Prem2026Marcius/Desktop/sulinaiv1/vendor/laravel/framework/src/Illuminate/Console/Command.php(211): Illuminate/Container/Container->call(Array)
#26 C:/Users/Win11Prem2026Marcius/Desktop/sulinaiv1/vendor/symfony/console/Command/Command.php(341): Illuminate/Console/Command->execute(Object(Symfony/Component/Console/Input/ArgvInput), Object(Illuminate/Console/OutputStyle))
#27 C:/Users/Win11Prem2026Marcius/Desktop/sulinaiv1/vendor/laravel/framework/src/Illuminate/Console/Command.php(180): Symfony/Component/Console/Command/Command->run(Object(Symfony/Component/Console/Input/ArgvInput), Object(Illuminate/Console/OutputStyle))
#28 C:/Users/Win11Prem2026Marcius/Desktop/sulinaiv1/vendor/symfony/console/Application.php(1117): Illuminate/Console/Command->run(Object(Symfony/Component/Console/Input/ArgvInput), Object(Symfony/Component/Console/Output/ConsoleOutput))
#29 C:/Users/Win11Prem2026Marcius/Desktop/sulinaiv1/vendor/symfony/console/Application.php(356): Symfony/Component/Console/Application->doRunCommand(Object(Illuminate/Database/Console/Migrations/MigrateCommand), Object(Symfony/Component/Console/Input/ArgvInput), Object(Symfony/Component/Console/Output/ConsoleOutput))
#30 C:/Users/Win11Prem2026Marcius/Desktop/sulinaiv1/vendor/symfony/console/Application.php(195): Symfony/Component/Console/Application->doRun(Object(Symfony/Component/Console/Input/ArgvInput), Object(Symfony/Component/Console/Output/ConsoleOutput))
#31 C:/Users/Win11Prem2026Marcius/Desktop/sulinaiv1/vendor/laravel/framework/src/Illuminate/Foundation/Console/Kernel.php(198): Symfony/Component/Console/Application->run(Object(Symfony/Component/Console/Input/ArgvInput), Object(Symfony/Component/Console/Output/ConsoleOutput))
#32 C:/Users/Win11Prem2026Marcius/Desktop/sulinaiv1/vendor/laravel/framework/src/Illuminate/Foundation/Application.php(1235): Illuminate/Foundation/Console/Kernel->handle(Object(Symfony/Component/Console/Input/ArgvInput), Object(Symfony/Component/Console/Output/ConsoleOutput))
#33 C:/Users/Win11Prem2026Marcius/Desktop/sulinaiv1/artisan(16): Illuminate/Foundation/Application->handleCommand(Object(Symfony/Component/Console/Input/ArgvInput))
#34 {main}

[previous exception] [object] (PDOException(code: 42S21): SQLSTATE[42S21]: Column already exists: 1060 Duplicate column name 'created_at' at C:/Users/Win11Prem2026Marcius/Desktop/sulinaiv1/vendor/laravel/framework/src/Illuminate/Database/Connection.php:584)
[stacktrace]
#0 C:/Users/Win11Prem2026Marcius/Desktop/sulinaiv1/vendor/laravel/framework/src/Illuminate/Database/Connection.php(584): PDOStatement->execute()
#1 C:/Users/Win11Prem2026Marcius/Desktop/sulinaiv1/vendor/laravel/framework/src/Illuminate/Database/Connection.php(827): Illuminate/Database/Connection->Illuminate/Database/{closure}('create table `e...', Array)
#2 C:/Users/Win11Prem2026Marcius/Desktop/sulinaiv1/vendor/laravel/framework/src/Illuminate/Database/Connection.php(794): Illuminate/Database/Connection->runQueryCallback('create table `e...', Array, Object(Closure))
#3 C:/Users/Win11Prem2026Marcius/Desktop/sulinaiv1/vendor/laravel/framework/src/Illuminate/Database/Connection.php(573): Illuminate/Database/Connection->run('create table `e...', Array, Object(Closure))
#4 C:/Users/Win11Prem2026Marcius/Desktop/sulinaiv1/vendor/laravel/framework/src/Illuminate/Database/Schema/Blueprint.php(121): Illuminate/Database/Connection->statement('create table `e...')
#5 C:/Users/Win11Prem2026Marcius/Desktop/sulinaiv1/vendor/laravel/framework/src/Illuminate/Database/Schema/Builder.php(686): Illuminate/Database/Schema/Blueprint->build()
#6 C:/Users/Win11Prem2026Marcius/Desktop/sulinaiv1/vendor/laravel/framework/src/Illuminate/Database/Schema/Builder.php(506): Illuminate/Database/Schema/Builder->build(Object(Illuminate/Database/Schema/Blueprint))
#7 C:/Users/Win11Prem2026Marcius/Desktop/sulinaiv1/vendor/laravel/framework/src/Illuminate/Support/Facades/Facade.php(363): Illuminate/Database/Schema/Builder->create('esemeny', Object(Closure))
#8 C:/Users/Win11Prem2026Marcius/Desktop/sulinaiv1/database/migrations/2026_03_29_130850_mig1.php(73): Illuminate/Support/Facades/Facade::__callStatic('create', Array)
#9 C:/Users/Win11Prem2026Marcius/Desktop/sulinaiv1/vendor/laravel/framework/src/Illuminate/Database/Migrations/Migrator.php(517): Illuminate/Database/Migrations/Migration@anonymous->up()
#10 C:/Users/Win11Prem2026Marcius/Desktop/sulinaiv1/vendor/laravel/framework/src/Illuminate/Database/Migrations/Migrator.php(442): Illuminate/Database/Migrations/Migrator->runMethod(Object(Illuminate/Database/MySqlConnection), Object(Illuminate/Database/Migrations/Migration@anonymous), 'up')
#11 C:/Users/Win11Prem2026Marcius/Desktop/sulinaiv1/vendor/laravel/framework/src/Illuminate/Database/Migrations/Migrator.php(451): Illuminate/Database/Migrations/Migrator->Illuminate/Database/Migrations/{closure}()
#12 C:/Users/Win11Prem2026Marcius/Desktop/sulinaiv1/vendor/laravel/framework/src/Illuminate/Database/Migrations/Migrator.php(253): Illuminate/Database/Migrations/Migrator->runMigration(Object(Illuminate/Database/Migrations/Migration@anonymous), 'up')
#13 C:/Users/Win11Prem2026Marcius/Desktop/sulinaiv1/vendor/laravel/framework/src/Illuminate/Console/View/Components/Task.php(41): Illuminate/Database/Migrations/Migrator->Illuminate/Database/Migrations/{closure}()
#14 C:/Users/Win11Prem2026Marcius/Desktop/sulinaiv1/vendor/laravel/framework/src/Illuminate/Database/Migrations/Migrator.php(814): Illuminate/Console/View/Components/Task->render('2026_03_29_1308...', Object(Closure))
#15 C:/Users/Win11Prem2026Marcius/Desktop/sulinaiv1/vendor/laravel/framework/src/Illuminate/Database/Migrations/Migrator.php(253): Illuminate/Database/Migrations/Migrator->write('Illuminate//Cons...', '2026_03_29_1308...', Object(Closure))
#16 C:/Users/Win11Prem2026Marcius/Desktop/sulinaiv1/vendor/laravel/framework/src/Illuminate/Database/Migrations/Migrator.php(211): Illuminate/Database/Migrations/Migrator->runUp('C://Users//Win11P...', 1, false)
#17 C:/Users/Win11Prem2026Marcius/Desktop/sulinaiv1/vendor/laravel/framework/src/Illuminate/Database/Migrations/Migrator.php(138): Illuminate/Database/Migrations/Migrator->runPending(Array, Array)
#18 C:/Users/Win11Prem2026Marcius/Desktop/sulinaiv1/vendor/laravel/framework/src/Illuminate/Database/Console/Migrations/MigrateCommand.php(116): Illuminate/Database/Migrations/Migrator->run(Array, Array)
#19 C:/Users/Win11Prem2026Marcius/Desktop/sulinaiv1/vendor/laravel/framework/src/Illuminate/Database/Migrations/Migrator.php(671): Illuminate/Database/Console/Migrations/MigrateCommand->Illuminate/Database/Console/Migrations/{closure}()
#20 C:/Users/Win11Prem2026Marcius/Desktop/sulinaiv1/vendor/laravel/framework/src/Illuminate/Database/Console/Migrations/MigrateCommand.php(109): Illuminate/Database/Migrations/Migrator->usingConnection(NULL, Object(Closure))
#21 C:/Users/Win11Prem2026Marcius/Desktop/sulinaiv1/vendor/laravel/framework/src/Illuminate/Database/Console/Migrations/MigrateCommand.php(88): Illuminate/Database/Console/Migrations/MigrateCommand->runMigrations()
#22 C:/Users/Win11Prem2026Marcius/Desktop/sulinaiv1/vendor/laravel/framework/src/Illuminate/Container/BoundMethod.php(36): Illuminate/Database/Console/Migrations/MigrateCommand->handle()
#23 C:/Users/Win11Prem2026Marcius/Desktop/sulinaiv1/vendor/laravel/framework/src/Illuminate/Container/Util.php(43): Illuminate/Container/BoundMethod::Illuminate/Container/{closure}()
#24 C:/Users/Win11Prem2026Marcius/Desktop/sulinaiv1/vendor/laravel/framework/src/Illuminate/Container/BoundMethod.php(96): Illuminate/Container/Util::unwrapIfClosure(Object(Closure))
#25 C:/Users/Win11Prem2026Marcius/Desktop/sulinaiv1/vendor/laravel/framework/src/Illuminate/Container/BoundMethod.php(35): Illuminate/Container/BoundMethod::callBoundMethod(Object(Illuminate/Foundation/Application), Array, Object(Closure))
#26 C:/Users/Win11Prem2026Marcius/Desktop/sulinaiv1/vendor/laravel/framework/src/Illuminate/Container/Container.php(799): Illuminate/Container/BoundMethod::call(Object(Illuminate/Foundation/Application), Array, Array, NULL)
#27 C:/Users/Win11Prem2026Marcius/Desktop/sulinaiv1/vendor/laravel/framework/src/Illuminate/Console/Command.php(211): Illuminate/Container/Container->call(Array)
#28 C:/Users/Win11Prem2026Marcius/Desktop/sulinaiv1/vendor/symfony/console/Command/Command.php(341): Illuminate/Console/Command->execute(Object(Symfony/Component/Console/Input/ArgvInput), Object(Illuminate/Console/OutputStyle))
#29 C:/Users/Win11Prem2026Marcius/Desktop/sulinaiv1/vendor/laravel/framework/src/Illuminate/Console/Command.php(180): Symfony/Component/Console/Command/Command->run(Object(Symfony/Component/Console/Input/ArgvInput), Object(Illuminate/Console/OutputStyle))
#30 C:/Users/Win11Prem2026Marcius/Desktop/sulinaiv1/vendor/symfony/console/Application.php(1117): Illuminate/Console/Command->run(Object(Symfony/Component/Console/Input/ArgvInput), Object(Symfony/Component/Console/Output/ConsoleOutput))
#31 C:/Users/Win11Prem2026Marcius/Desktop/sulinaiv1/vendor/symfony/console/Application.php(356): Symfony/Component/Console/Application->doRunCommand(Object(Illuminate/Database/Console/Migrations/MigrateCommand), Object(Symfony/Component/Console/Input/ArgvInput), Object(Symfony/Component/Console/Output/ConsoleOutput))
#32 C:/Users/Win11Prem2026Marcius/Desktop/sulinaiv1/vendor/symfony/console/Application.php(195): Symfony/Component/Console/Application->doRun(Object(Symfony/Component/Console/Input/ArgvInput), Object(Symfony/Component/Console/Output/ConsoleOutput))
#33 C:/Users/Win11Prem2026Marcius/Desktop/sulinaiv1/vendor/laravel/framework/src/Illuminate/Foundation/Console/Kernel.php(198): Symfony/Component/Console/Application->run(Object(Symfony/Component/Console/Input/ArgvInput), Object(Symfony/Component/Console/Output/ConsoleOutput))
#34 C:/Users/Win11Prem2026Marcius/Desktop/sulinaiv1/vendor/laravel/framework/src/Illuminate/Foundation/Application.php(1235): Illuminate/Foundation/Console/Kernel->handle(Object(Symfony/Component/Console/Input/ArgvInput), Object(Symfony/Component/Console/Output/ConsoleOutput))
#35 C:/Users/Win11Prem2026Marcius/Desktop/sulinaiv1/artisan(16): Illuminate/Foundation/Application->handleCommand(Object(Symfony/Component/Console/Input/ArgvInput))
#36 {main}
"} 
[2026-04-09 18:42:02] local.ERROR: Command "migrate:" is ambiguous.
Did you mean one of these?
    migrate:fresh    Drop all tables and re-run all migrations
    migrate:install  Create the migration repository
    migrate:refresh  Reset and re-run all migrations
    migrate:reset    Rollback all database migrations
    migrate:rollback Rollback the last database migration
    migrate:status   Show the status of each migration. {"exception":"[object] (Symfony\\Component\\Console\\Exception\\CommandNotFoundException(code: 0): Command \"migrate:\" is ambiguous.
Did you mean one of these?
    migrate:fresh    Drop all tables and re-run all migrations
    migrate:install  Create the migration repository
    migrate:refresh  Reset and re-run all migrations
    migrate:reset    Rollback all database migrations
    migrate:rollback Rollback the last database migration
    migrate:status   Show the status of each migration. at C:/Users/Win11Prem2026Marcius/Desktop/sulinaiv1/vendor/symfony/console/Application.php:815)
[stacktrace]
#0 C:/Users/Win11Prem2026Marcius/Desktop/sulinaiv1/vendor/symfony/console/Application.php(298): Symfony/Component/Console/Application->find('migrate:')
#1 C:/Users/Win11Prem2026Marcius/Desktop/sulinaiv1/vendor/symfony/console/Application.php(195): Symfony/Component/Console/Application->doRun(Object(Symfony/Component/Console/Input/ArgvInput), Object(Symfony/Component/Console/Output/ConsoleOutput))
#2 C:/Users/Win11Prem2026Marcius/Desktop/sulinaiv1/vendor/laravel/framework/src/Illuminate/Foundation/Console/Kernel.php(198): Symfony/Component/Console/Application->run(Object(Symfony/Component/Console/Input/ArgvInput), Object(Symfony/Component/Console/Output/ConsoleOutput))
#3 C:/Users/Win11Prem2026Marcius/Desktop/sulinaiv1/vendor/laravel/framework/src/Illuminate/Foundation/Application.php(1235): Illuminate/Foundation/Console/Kernel->handle(Object(Symfony/Component/Console/Input/ArgvInput), Object(Symfony/Component/Console/Output/ConsoleOutput))
#4 C:/Users/Win11Prem2026Marcius/Desktop/sulinaiv1/artisan(16): Illuminate/Foundation/Application->handleCommand(Object(Symfony/Component/Console/Input/ArgvInput))
#5 {main}
"} 
[2026-04-09 18:42:24] local.ERROR: SQLSTATE[42S21]: Column already exists: 1060 Duplicate column name 'created_at' (Connection: mysql, Host: 127.0.0.1, Port: 3306, Database: suliradionaiv, SQL: create table `esemeny` (`id` bigint unsigned not null auto_increment primary key, `sqlesemeny` enum('insert', 'update', 'delete') not null, `tabla` text null, `regisor` text null, `ujsor` text null, `created_at` timestamp null, `updated_at` timestamp null, `ki` text null, `created_at` timestamp null, `updated_at` timestamp null) default character set utf8mb4 collate 'utf8mb4_unicode_ci' engine = InnoDB) {"exception":"[object] (Illuminate\\Database\\QueryException(code: 42S21): SQLSTATE[42S21]: Column already exists: 1060 Duplicate column name 'created_at' (Connection: mysql, Host: 127.0.0.1, Port: 3306, Database: suliradionaiv, SQL: create table `esemeny` (`id` bigint unsigned not null auto_increment primary key, `sqlesemeny` enum('insert', 'update', 'delete') not null, `tabla` text null, `regisor` text null, `ujsor` text null, `created_at` timestamp null, `updated_at` timestamp null, `ki` text null, `created_at` timestamp null, `updated_at` timestamp null) default character set utf8mb4 collate 'utf8mb4_unicode_ci' engine = InnoDB) at C:/Users/Win11Prem2026Marcius/Desktop/sulinaiv1/vendor/laravel/framework/src/Illuminate/Database/Connection.php:838)
[stacktrace]
#0 C:/Users/Win11Prem2026Marcius/Desktop/sulinaiv1/vendor/laravel/framework/src/Illuminate/Database/Connection.php(794): Illuminate/Database/Connection->runQueryCallback('create table `e...', Array, Object(Closure))
#1 C:/Users/Win11Prem2026Marcius/Desktop/sulinaiv1/vendor/laravel/framework/src/Illuminate/Database/Connection.php(573): Illuminate/Database/Connection->run('create table `e...', Array, Object(Closure))
#2 C:/Users/Win11Prem2026Marcius/Desktop/sulinaiv1/vendor/laravel/framework/src/Illuminate/Database/Schema/Blueprint.php(121): Illuminate/Database/Connection->statement('create table `e...')
#3 C:/Users/Win11Prem2026Marcius/Desktop/sulinaiv1/vendor/laravel/framework/src/Illuminate/Database/Schema/Builder.php(686): Illuminate/Database/Schema/Blueprint->build()
#4 C:/Users/Win11Prem2026Marcius/Desktop/sulinaiv1/vendor/laravel/framework/src/Illuminate/Database/Schema/Builder.php(506): Illuminate/Database/Schema/Builder->build(Object(Illuminate/Database/Schema/Blueprint))
#5 C:/Users/Win11Prem2026Marcius/Desktop/sulinaiv1/vendor/laravel/framework/src/Illuminate/Support/Facades/Facade.php(363): Illuminate/Database/Schema/Builder->create('esemeny', Object(Closure))
#6 C:/Users/Win11Prem2026Marcius/Desktop/sulinaiv1/database/migrations/2026_03_29_130850_mig1.php(73): Illuminate/Support/Facades/Facade::__callStatic('create', Array)
#7 C:/Users/Win11Prem2026Marcius/Desktop/sulinaiv1/vendor/laravel/framework/src/Illuminate/Database/Migrations/Migrator.php(517): Illuminate/Database/Migrations/Migration@anonymous->up()
#8 C:/Users/Win11Prem2026Marcius/Desktop/sulinaiv1/vendor/laravel/framework/src/Illuminate/Database/Migrations/Migrator.php(442): Illuminate/Database/Migrations/Migrator->runMethod(Object(Illuminate/Database/MySqlConnection), Object(Illuminate/Database/Migrations/Migration@anonymous), 'up')
#9 C:/Users/Win11Prem2026Marcius/Desktop/sulinaiv1/vendor/laravel/framework/src/Illuminate/Database/Migrations/Migrator.php(451): Illuminate/Database/Migrations/Migrator->Illuminate/Database/Migrations/{closure}()
#10 C:/Users/Win11Prem2026Marcius/Desktop/sulinaiv1/vendor/laravel/framework/src/Illuminate/Database/Migrations/Migrator.php(253): Illuminate/Database/Migrations/Migrator->runMigration(Object(Illuminate/Database/Migrations/Migration@anonymous), 'up')
#11 C:/Users/Win11Prem2026Marcius/Desktop/sulinaiv1/vendor/laravel/framework/src/Illuminate/Console/View/Components/Task.php(41): Illuminate/Database/Migrations/Migrator->Illuminate/Database/Migrations/{closure}()
#12 C:/Users/Win11Prem2026Marcius/Desktop/sulinaiv1/vendor/laravel/framework/src/Illuminate/Database/Migrations/Migrator.php(814): Illuminate/Console/View/Components/Task->render('2026_03_29_1308...', Object(Closure))
#13 C:/Users/Win11Prem2026Marcius/Desktop/sulinaiv1/vendor/laravel/framework/src/Illuminate/Database/Migrations/Migrator.php(253): Illuminate/Database/Migrations/Migrator->write('Illuminate//Cons...', '2026_03_29_1308...', Object(Closure))
#14 C:/Users/Win11Prem2026Marcius/Desktop/sulinaiv1/vendor/laravel/framework/src/Illuminate/Database/Migrations/Migrator.php(211): Illuminate/Database/Migrations/Migrator->runUp('C://Users//Win11P...', 1, false)
#15 C:/Users/Win11Prem2026Marcius/Desktop/sulinaiv1/vendor/laravel/framework/src/Illuminate/Database/Migrations/Migrator.php(138): Illuminate/Database/Migrations/Migrator->runPending(Array, Array)
#16 C:/Users/Win11Prem2026Marcius/Desktop/sulinaiv1/vendor/laravel/framework/src/Illuminate/Database/Console/Migrations/MigrateCommand.php(116): Illuminate/Database/Migrations/Migrator->run(Array, Array)
#17 C:/Users/Win11Prem2026Marcius/Desktop/sulinaiv1/vendor/laravel/framework/src/Illuminate/Database/Migrations/Migrator.php(671): Illuminate/Database/Console/Migrations/MigrateCommand->Illuminate/Database/Console/Migrations/{closure}()
#18 C:/Users/Win11Prem2026Marcius/Desktop/sulinaiv1/vendor/laravel/framework/src/Illuminate/Database/Console/Migrations/MigrateCommand.php(109): Illuminate/Database/Migrations/Migrator->usingConnection(NULL, Object(Closure))
#19 C:/Users/Win11Prem2026Marcius/Desktop/sulinaiv1/vendor/laravel/framework/src/Illuminate/Database/Console/Migrations/MigrateCommand.php(88): Illuminate/Database/Console/Migrations/MigrateCommand->runMigrations()
#20 C:/Users/Win11Prem2026Marcius/Desktop/sulinaiv1/vendor/laravel/framework/src/Illuminate/Container/BoundMethod.php(36): Illuminate/Database/Console/Migrations/MigrateCommand->handle()
#21 C:/Users/Win11Prem2026Marcius/Desktop/sulinaiv1/vendor/laravel/framework/src/Illuminate/Container/Util.php(43): Illuminate/Container/BoundMethod::Illuminate/Container/{closure}()
#22 C:/Users/Win11Prem2026Marcius/Desktop/sulinaiv1/vendor/laravel/framework/src/Illuminate/Container/BoundMethod.php(96): Illuminate/Container/Util::unwrapIfClosure(Object(Closure))
#23 C:/Users/Win11Prem2026Marcius/Desktop/sulinaiv1/vendor/laravel/framework/src/Illuminate/Container/BoundMethod.php(35): Illuminate/Container/BoundMethod::callBoundMethod(Object(Illuminate/Foundation/Application), Array, Object(Closure))
#24 C:/Users/Win11Prem2026Marcius/Desktop/sulinaiv1/vendor/laravel/framework/src/Illuminate/Container/Container.php(799): Illuminate/Container/BoundMethod::call(Object(Illuminate/Foundation/Application), Array, Array, NULL)
#25 C:/Users/Win11Prem2026Marcius/Desktop/sulinaiv1/vendor/laravel/framework/src/Illuminate/Console/Command.php(211): Illuminate/Container/Container->call(Array)
#26 C:/Users/Win11Prem2026Marcius/Desktop/sulinaiv1/vendor/symfony/console/Command/Command.php(341): Illuminate/Console/Command->execute(Object(Symfony/Component/Console/Input/ArgvInput), Object(Illuminate/Console/OutputStyle))
#27 C:/Users/Win11Prem2026Marcius/Desktop/sulinaiv1/vendor/laravel/framework/src/Illuminate/Console/Command.php(180): Symfony/Component/Console/Command/Command->run(Object(Symfony/Component/Console/Input/ArgvInput), Object(Illuminate/Console/OutputStyle))
#28 C:/Users/Win11Prem2026Marcius/Desktop/sulinaiv1/vendor/symfony/console/Application.php(1117): Illuminate/Console/Command->run(Object(Symfony/Component/Console/Input/ArgvInput), Object(Symfony/Component/Console/Output/ConsoleOutput))
#29 C:/Users/Win11Prem2026Marcius/Desktop/sulinaiv1/vendor/symfony/console/Application.php(356): Symfony/Component/Console/Application->doRunCommand(Object(Illuminate/Database/Console/Migrations/MigrateCommand), Object(Symfony/Component/Console/Input/ArgvInput), Object(Symfony/Component/Console/Output/ConsoleOutput))
#30 C:/Users/Win11Prem2026Marcius/Desktop/sulinaiv1/vendor/symfony/console/Application.php(195): Symfony/Component/Console/Application->doRun(Object(Symfony/Component/Console/Input/ArgvInput), Object(Symfony/Component/Console/Output/ConsoleOutput))
#31 C:/Users/Win11Prem2026Marcius/Desktop/sulinaiv1/vendor/laravel/framework/src/Illuminate/Foundation/Console/Kernel.php(198): Symfony/Component/Console/Application->run(Object(Symfony/Component/Console/Input/ArgvInput), Object(Symfony/Component/Console/Output/ConsoleOutput))
#32 C:/Users/Win11Prem2026Marcius/Desktop/sulinaiv1/vendor/laravel/framework/src/Illuminate/Foundation/Application.php(1235): Illuminate/Foundation/Console/Kernel->handle(Object(Symfony/Component/Console/Input/ArgvInput), Object(Symfony/Component/Console/Output/ConsoleOutput))
#33 C:/Users/Win11Prem2026Marcius/Desktop/sulinaiv1/artisan(16): Illuminate/Foundation/Application->handleCommand(Object(Symfony/Component/Console/Input/ArgvInput))
#34 {main}

[previous exception] [object] (PDOException(code: 42S21): SQLSTATE[42S21]: Column already exists: 1060 Duplicate column name 'created_at' at C:/Users/Win11Prem2026Marcius/Desktop/sulinaiv1/vendor/laravel/framework/src/Illuminate/Database/Connection.php:584)
[stacktrace]
#0 C:/Users/Win11Prem2026Marcius/Desktop/sulinaiv1/vendor/laravel/framework/src/Illuminate/Database/Connection.php(584): PDOStatement->execute()
#1 C:/Users/Win11Prem2026Marcius/Desktop/sulinaiv1/vendor/laravel/framework/src/Illuminate/Database/Connection.php(827): Illuminate/Database/Connection->Illuminate/Database/{closure}('create table `e...', Array)
#2 C:/Users/Win11Prem2026Marcius/Desktop/sulinaiv1/vendor/laravel/framework/src/Illuminate/Database/Connection.php(794): Illuminate/Database/Connection->runQueryCallback('create table `e...', Array, Object(Closure))
#3 C:/Users/Win11Prem2026Marcius/Desktop/sulinaiv1/vendor/laravel/framework/src/Illuminate/Database/Connection.php(573): Illuminate/Database/Connection->run('create table `e...', Array, Object(Closure))
#4 C:/Users/Win11Prem2026Marcius/Desktop/sulinaiv1/vendor/laravel/framework/src/Illuminate/Database/Schema/Blueprint.php(121): Illuminate/Database/Connection->statement('create table `e...')
#5 C:/Users/Win11Prem2026Marcius/Desktop/sulinaiv1/vendor/laravel/framework/src/Illuminate/Database/Schema/Builder.php(686): Illuminate/Database/Schema/Blueprint->build()
#6 C:/Users/Win11Prem2026Marcius/Desktop/sulinaiv1/vendor/laravel/framework/src/Illuminate/Database/Schema/Builder.php(506): Illuminate/Database/Schema/Builder->build(Object(Illuminate/Database/Schema/Blueprint))
#7 C:/Users/Win11Prem2026Marcius/Desktop/sulinaiv1/vendor/laravel/framework/src/Illuminate/Support/Facades/Facade.php(363): Illuminate/Database/Schema/Builder->create('esemeny', Object(Closure))
#8 C:/Users/Win11Prem2026Marcius/Desktop/sulinaiv1/database/migrations/2026_03_29_130850_mig1.php(73): Illuminate/Support/Facades/Facade::__callStatic('create', Array)
#9 C:/Users/Win11Prem2026Marcius/Desktop/sulinaiv1/vendor/laravel/framework/src/Illuminate/Database/Migrations/Migrator.php(517): Illuminate/Database/Migrations/Migration@anonymous->up()
#10 C:/Users/Win11Prem2026Marcius/Desktop/sulinaiv1/vendor/laravel/framework/src/Illuminate/Database/Migrations/Migrator.php(442): Illuminate/Database/Migrations/Migrator->runMethod(Object(Illuminate/Database/MySqlConnection), Object(Illuminate/Database/Migrations/Migration@anonymous), 'up')
#11 C:/Users/Win11Prem2026Marcius/Desktop/sulinaiv1/vendor/laravel/framework/src/Illuminate/Database/Migrations/Migrator.php(451): Illuminate/Database/Migrations/Migrator->Illuminate/Database/Migrations/{closure}()
#12 C:/Users/Win11Prem2026Marcius/Desktop/sulinaiv1/vendor/laravel/framework/src/Illuminate/Database/Migrations/Migrator.php(253): Illuminate/Database/Migrations/Migrator->runMigration(Object(Illuminate/Database/Migrations/Migration@anonymous), 'up')
#13 C:/Users/Win11Prem2026Marcius/Desktop/sulinaiv1/vendor/laravel/framework/src/Illuminate/Console/View/Components/Task.php(41): Illuminate/Database/Migrations/Migrator->Illuminate/Database/Migrations/{closure}()
#14 C:/Users/Win11Prem2026Marcius/Desktop/sulinaiv1/vendor/laravel/framework/src/Illuminate/Database/Migrations/Migrator.php(814): Illuminate/Console/View/Components/Task->render('2026_03_29_1308...', Object(Closure))
#15 C:/Users/Win11Prem2026Marcius/Desktop/sulinaiv1/vendor/laravel/framework/src/Illuminate/Database/Migrations/Migrator.php(253): Illuminate/Database/Migrations/Migrator->write('Illuminate//Cons...', '2026_03_29_1308...', Object(Closure))
#16 C:/Users/Win11Prem2026Marcius/Desktop/sulinaiv1/vendor/laravel/framework/src/Illuminate/Database/Migrations/Migrator.php(211): Illuminate/Database/Migrations/Migrator->runUp('C://Users//Win11P...', 1, false)
#17 C:/Users/Win11Prem2026Marcius/Desktop/sulinaiv1/vendor/laravel/framework/src/Illuminate/Database/Migrations/Migrator.php(138): Illuminate/Database/Migrations/Migrator->runPending(Array, Array)
#18 C:/Users/Win11Prem2026Marcius/Desktop/sulinaiv1/vendor/laravel/framework/src/Illuminate/Database/Console/Migrations/MigrateCommand.php(116): Illuminate/Database/Migrations/Migrator->run(Array, Array)
#19 C:/Users/Win11Prem2026Marcius/Desktop/sulinaiv1/vendor/laravel/framework/src/Illuminate/Database/Migrations/Migrator.php(671): Illuminate/Database/Console/Migrations/MigrateCommand->Illuminate/Database/Console/Migrations/{closure}()
#20 C:/Users/Win11Prem2026Marcius/Desktop/sulinaiv1/vendor/laravel/framework/src/Illuminate/Database/Console/Migrations/MigrateCommand.php(109): Illuminate/Database/Migrations/Migrator->usingConnection(NULL, Object(Closure))
#21 C:/Users/Win11Prem2026Marcius/Desktop/sulinaiv1/vendor/laravel/framework/src/Illuminate/Database/Console/Migrations/MigrateCommand.php(88): Illuminate/Database/Console/Migrations/MigrateCommand->runMigrations()
#22 C:/Users/Win11Prem2026Marcius/Desktop/sulinaiv1/vendor/laravel/framework/src/Illuminate/Container/BoundMethod.php(36): Illuminate/Database/Console/Migrations/MigrateCommand->handle()
#23 C:/Users/Win11Prem2026Marcius/Desktop/sulinaiv1/vendor/laravel/framework/src/Illuminate/Container/Util.php(43): Illuminate/Container/BoundMethod::Illuminate/Container/{closure}()
#24 C:/Users/Win11Prem2026Marcius/Desktop/sulinaiv1/vendor/laravel/framework/src/Illuminate/Container/BoundMethod.php(96): Illuminate/Container/Util::unwrapIfClosure(Object(Closure))
#25 C:/Users/Win11Prem2026Marcius/Desktop/sulinaiv1/vendor/laravel/framework/src/Illuminate/Container/BoundMethod.php(35): Illuminate/Container/BoundMethod::callBoundMethod(Object(Illuminate/Foundation/Application), Array, Object(Closure))
#26 C:/Users/Win11Prem2026Marcius/Desktop/sulinaiv1/vendor/laravel/framework/src/Illuminate/Container/Container.php(799): Illuminate/Container/BoundMethod::call(Object(Illuminate/Foundation/Application), Array, Array, NULL)
#27 C:/Users/Win11Prem2026Marcius/Desktop/sulinaiv1/vendor/laravel/framework/src/Illuminate/Console/Command.php(211): Illuminate/Container/Container->call(Array)
#28 C:/Users/Win11Prem2026Marcius/Desktop/sulinaiv1/vendor/symfony/console/Command/Command.php(341): Illuminate/Console/Command->execute(Object(Symfony/Component/Console/Input/ArgvInput), Object(Illuminate/Console/OutputStyle))
#29 C:/Users/Win11Prem2026Marcius/Desktop/sulinaiv1/vendor/laravel/framework/src/Illuminate/Console/Command.php(180): Symfony/Component/Console/Command/Command->run(Object(Symfony/Component/Console/Input/ArgvInput), Object(Illuminate/Console/OutputStyle))
#30 C:/Users/Win11Prem2026Marcius/Desktop/sulinaiv1/vendor/symfony/console/Application.php(1117): Illuminate/Console/Command->run(Object(Symfony/Component/Console/Input/ArgvInput), Object(Symfony/Component/Console/Output/ConsoleOutput))
#31 C:/Users/Win11Prem2026Marcius/Desktop/sulinaiv1/vendor/symfony/console/Application.php(356): Symfony/Component/Console/Application->doRunCommand(Object(Illuminate/Database/Console/Migrations/MigrateCommand), Object(Symfony/Component/Console/Input/ArgvInput), Object(Symfony/Component/Console/Output/ConsoleOutput))
#32 C:/Users/Win11Prem2026Marcius/Desktop/sulinaiv1/vendor/symfony/console/Application.php(195): Symfony/Component/Console/Application->doRun(Object(Symfony/Component/Console/Input/ArgvInput), Object(Symfony/Component/Console/Output/ConsoleOutput))
#33 C:/Users/Win11Prem2026Marcius/Desktop/sulinaiv1/vendor/laravel/framework/src/Illuminate/Foundation/Console/Kernel.php(198): Symfony/Component/Console/Application->run(Object(Symfony/Component/Console/Input/ArgvInput), Object(Symfony/Component/Console/Output/ConsoleOutput))
#34 C:/Users/Win11Prem2026Marcius/Desktop/sulinaiv1/vendor/laravel/framework/src/Illuminate/Foundation/Application.php(1235): Illuminate/Foundation/Console/Kernel->handle(Object(Symfony/Component/Console/Input/ArgvInput), Object(Symfony/Component/Console/Output/ConsoleOutput))
#35 C:/Users/Win11Prem2026Marcius/Desktop/sulinaiv1/artisan(16): Illuminate/Foundation/Application->handleCommand(Object(Symfony/Component/Console/Input/ArgvInput))
#36 {main}
"} 
[2026-04-09 18:42:59] local.ERROR: SQLSTATE[42000]: Syntax error or access violation: 1170 BLOB/TEXT column 'session' used in key specification without a key length (Connection: mysql, Host: 127.0.0.1, Port: 3306, Database: suliradionaiv, SQL: create table `szesion` (`session` text not null, `created_at` timestamp null, `updated_at` timestamp null, `felhasznaloid` bigint unsigned not null, primary key (`session`)) default character set utf8mb4 collate 'utf8mb4_unicode_ci' engine = InnoDB) {"exception":"[object] (Illuminate\\Database\\QueryException(code: 42000): SQLSTATE[42000]: Syntax error or access violation: 1170 BLOB/TEXT column 'session' used in key specification without a key length (Connection: mysql, Host: 127.0.0.1, Port: 3306, Database: suliradionaiv, SQL: create table `szesion` (`session` text not null, `created_at` timestamp null, `updated_at` timestamp null, `felhasznaloid` bigint unsigned not null, primary key (`session`)) default character set utf8mb4 collate 'utf8mb4_unicode_ci' engine = InnoDB) at C:/Users/Win11Prem2026Marcius/Desktop/sulinaiv1/vendor/laravel/framework/src/Illuminate/Database/Connection.php:838)
[stacktrace]
#0 C:/Users/Win11Prem2026Marcius/Desktop/sulinaiv1/vendor/laravel/framework/src/Illuminate/Database/Connection.php(794): Illuminate/Database/Connection->runQueryCallback('create table `s...', Array, Object(Closure))
#1 C:/Users/Win11Prem2026Marcius/Desktop/sulinaiv1/vendor/laravel/framework/src/Illuminate/Database/Connection.php(573): Illuminate/Database/Connection->run('create table `s...', Array, Object(Closure))
#2 C:/Users/Win11Prem2026Marcius/Desktop/sulinaiv1/vendor/laravel/framework/src/Illuminate/Database/Schema/Blueprint.php(121): Illuminate/Database/Connection->statement('create table `s...')
#3 C:/Users/Win11Prem2026Marcius/Desktop/sulinaiv1/vendor/laravel/framework/src/Illuminate/Database/Schema/Builder.php(686): Illuminate/Database/Schema/Blueprint->build()
#4 C:/Users/Win11Prem2026Marcius/Desktop/sulinaiv1/vendor/laravel/framework/src/Illuminate/Database/Schema/Builder.php(506): Illuminate/Database/Schema/Builder->build(Object(Illuminate/Database/Schema/Blueprint))
#5 C:/Users/Win11Prem2026Marcius/Desktop/sulinaiv1/vendor/laravel/framework/src/Illuminate/Support/Facades/Facade.php(363): Illuminate/Database/Schema/Builder->create('szesion', Object(Closure))
#6 C:/Users/Win11Prem2026Marcius/Desktop/sulinaiv1/database/migrations/2026_03_29_130850_mig1.php(106): Illuminate/Support/Facades/Facade::__callStatic('create', Array)
#7 C:/Users/Win11Prem2026Marcius/Desktop/sulinaiv1/vendor/laravel/framework/src/Illuminate/Database/Migrations/Migrator.php(517): Illuminate/Database/Migrations/Migration@anonymous->up()
#8 C:/Users/Win11Prem2026Marcius/Desktop/sulinaiv1/vendor/laravel/framework/src/Illuminate/Database/Migrations/Migrator.php(442): Illuminate/Database/Migrations/Migrator->runMethod(Object(Illuminate/Database/MySqlConnection), Object(Illuminate/Database/Migrations/Migration@anonymous), 'up')
#9 C:/Users/Win11Prem2026Marcius/Desktop/sulinaiv1/vendor/laravel/framework/src/Illuminate/Database/Migrations/Migrator.php(451): Illuminate/Database/Migrations/Migrator->Illuminate/Database/Migrations/{closure}()
#10 C:/Users/Win11Prem2026Marcius/Desktop/sulinaiv1/vendor/laravel/framework/src/Illuminate/Database/Migrations/Migrator.php(253): Illuminate/Database/Migrations/Migrator->runMigration(Object(Illuminate/Database/Migrations/Migration@anonymous), 'up')
#11 C:/Users/Win11Prem2026Marcius/Desktop/sulinaiv1/vendor/laravel/framework/src/Illuminate/Console/View/Components/Task.php(41): Illuminate/Database/Migrations/Migrator->Illuminate/Database/Migrations/{closure}()
#12 C:/Users/Win11Prem2026Marcius/Desktop/sulinaiv1/vendor/laravel/framework/src/Illuminate/Database/Migrations/Migrator.php(814): Illuminate/Console/View/Components/Task->render('2026_03_29_1308...', Object(Closure))
#13 C:/Users/Win11Prem2026Marcius/Desktop/sulinaiv1/vendor/laravel/framework/src/Illuminate/Database/Migrations/Migrator.php(253): Illuminate/Database/Migrations/Migrator->write('Illuminate//Cons...', '2026_03_29_1308...', Object(Closure))
#14 C:/Users/Win11Prem2026Marcius/Desktop/sulinaiv1/vendor/laravel/framework/src/Illuminate/Database/Migrations/Migrator.php(211): Illuminate/Database/Migrations/Migrator->runUp('C://Users//Win11P...', 1, false)
#15 C:/Users/Win11Prem2026Marcius/Desktop/sulinaiv1/vendor/laravel/framework/src/Illuminate/Database/Migrations/Migrator.php(138): Illuminate/Database/Migrations/Migrator->runPending(Array, Array)
#16 C:/Users/Win11Prem2026Marcius/Desktop/sulinaiv1/vendor/laravel/framework/src/Illuminate/Database/Console/Migrations/MigrateCommand.php(116): Illuminate/Database/Migrations/Migrator->run(Array, Array)
#17 C:/Users/Win11Prem2026Marcius/Desktop/sulinaiv1/vendor/laravel/framework/src/Illuminate/Database/Migrations/Migrator.php(671): Illuminate/Database/Console/Migrations/MigrateCommand->Illuminate/Database/Console/Migrations/{closure}()
#18 C:/Users/Win11Prem2026Marcius/Desktop/sulinaiv1/vendor/laravel/framework/src/Illuminate/Database/Console/Migrations/MigrateCommand.php(109): Illuminate/Database/Migrations/Migrator->usingConnection(NULL, Object(Closure))
#19 C:/Users/Win11Prem2026Marcius/Desktop/sulinaiv1/vendor/laravel/framework/src/Illuminate/Database/Console/Migrations/MigrateCommand.php(88): Illuminate/Database/Console/Migrations/MigrateCommand->runMigrations()
#20 C:/Users/Win11Prem2026Marcius/Desktop/sulinaiv1/vendor/laravel/framework/src/Illuminate/Container/BoundMethod.php(36): Illuminate/Database/Console/Migrations/MigrateCommand->handle()
#21 C:/Users/Win11Prem2026Marcius/Desktop/sulinaiv1/vendor/laravel/framework/src/Illuminate/Container/Util.php(43): Illuminate/Container/BoundMethod::Illuminate/Container/{closure}()
#22 C:/Users/Win11Prem2026Marcius/Desktop/sulinaiv1/vendor/laravel/framework/src/Illuminate/Container/BoundMethod.php(96): Illuminate/Container/Util::unwrapIfClosure(Object(Closure))
#23 C:/Users/Win11Prem2026Marcius/Desktop/sulinaiv1/vendor/laravel/framework/src/Illuminate/Container/BoundMethod.php(35): Illuminate/Container/BoundMethod::callBoundMethod(Object(Illuminate/Foundation/Application), Array, Object(Closure))
#24 C:/Users/Win11Prem2026Marcius/Desktop/sulinaiv1/vendor/laravel/framework/src/Illuminate/Container/Container.php(799): Illuminate/Container/BoundMethod::call(Object(Illuminate/Foundation/Application), Array, Array, NULL)
#25 C:/Users/Win11Prem2026Marcius/Desktop/sulinaiv1/vendor/laravel/framework/src/Illuminate/Console/Command.php(211): Illuminate/Container/Container->call(Array)
#26 C:/Users/Win11Prem2026Marcius/Desktop/sulinaiv1/vendor/symfony/console/Command/Command.php(341): Illuminate/Console/Command->execute(Object(Symfony/Component/Console/Input/ArgvInput), Object(Illuminate/Console/OutputStyle))
#27 C:/Users/Win11Prem2026Marcius/Desktop/sulinaiv1/vendor/laravel/framework/src/Illuminate/Console/Command.php(180): Symfony/Component/Console/Command/Command->run(Object(Symfony/Component/Console/Input/ArgvInput), Object(Illuminate/Console/OutputStyle))
#28 C:/Users/Win11Prem2026Marcius/Desktop/sulinaiv1/vendor/symfony/console/Application.php(1117): Illuminate/Console/Command->run(Object(Symfony/Component/Console/Input/ArgvInput), Object(Symfony/Component/Console/Output/ConsoleOutput))
#29 C:/Users/Win11Prem2026Marcius/Desktop/sulinaiv1/vendor/symfony/console/Application.php(356): Symfony/Component/Console/Application->doRunCommand(Object(Illuminate/Database/Console/Migrations/MigrateCommand), Object(Symfony/Component/Console/Input/ArgvInput), Object(Symfony/Component/Console/Output/ConsoleOutput))
#30 C:/Users/Win11Prem2026Marcius/Desktop/sulinaiv1/vendor/symfony/console/Application.php(195): Symfony/Component/Console/Application->doRun(Object(Symfony/Component/Console/Input/ArgvInput), Object(Symfony/Component/Console/Output/ConsoleOutput))
#31 C:/Users/Win11Prem2026Marcius/Desktop/sulinaiv1/vendor/laravel/framework/src/Illuminate/Foundation/Console/Kernel.php(198): Symfony/Component/Console/Application->run(Object(Symfony/Component/Console/Input/ArgvInput), Object(Symfony/Component/Console/Output/ConsoleOutput))
#32 C:/Users/Win11Prem2026Marcius/Desktop/sulinaiv1/vendor/laravel/framework/src/Illuminate/Foundation/Application.php(1235): Illuminate/Foundation/Console/Kernel->handle(Object(Symfony/Component/Console/Input/ArgvInput), Object(Symfony/Component/Console/Output/ConsoleOutput))
#33 C:/Users/Win11Prem2026Marcius/Desktop/sulinaiv1/artisan(16): Illuminate/Foundation/Application->handleCommand(Object(Symfony/Component/Console/Input/ArgvInput))
#34 {main}

[previous exception] [object] (PDOException(code: 42000): SQLSTATE[42000]: Syntax error or access violation: 1170 BLOB/TEXT column 'session' used in key specification without a key length at C:/Users/Win11Prem2026Marcius/Desktop/sulinaiv1/vendor/laravel/framework/src/Illuminate/Database/Connection.php:584)
[stacktrace]
#0 C:/Users/Win11Prem2026Marcius/Desktop/sulinaiv1/vendor/laravel/framework/src/Illuminate/Database/Connection.php(584): PDOStatement->execute()
#1 C:/Users/Win11Prem2026Marcius/Desktop/sulinaiv1/vendor/laravel/framework/src/Illuminate/Database/Connection.php(827): Illuminate/Database/Connection->Illuminate/Database/{closure}('create table `s...', Array)
#2 C:/Users/Win11Prem2026Marcius/Desktop/sulinaiv1/vendor/laravel/framework/src/Illuminate/Database/Connection.php(794): Illuminate/Database/Connection->runQueryCallback('create table `s...', Array, Object(Closure))
#3 C:/Users/Win11Prem2026Marcius/Desktop/sulinaiv1/vendor/laravel/framework/src/Illuminate/Database/Connection.php(573): Illuminate/Database/Connection->run('create table `s...', Array, Object(Closure))
#4 C:/Users/Win11Prem2026Marcius/Desktop/sulinaiv1/vendor/laravel/framework/src/Illuminate/Database/Schema/Blueprint.php(121): Illuminate/Database/Connection->statement('create table `s...')
#5 C:/Users/Win11Prem2026Marcius/Desktop/sulinaiv1/vendor/laravel/framework/src/Illuminate/Database/Schema/Builder.php(686): Illuminate/Database/Schema/Blueprint->build()
#6 C:/Users/Win11Prem2026Marcius/Desktop/sulinaiv1/vendor/laravel/framework/src/Illuminate/Database/Schema/Builder.php(506): Illuminate/Database/Schema/Builder->build(Object(Illuminate/Database/Schema/Blueprint))
#7 C:/Users/Win11Prem2026Marcius/Desktop/sulinaiv1/vendor/laravel/framework/src/Illuminate/Support/Facades/Facade.php(363): Illuminate/Database/Schema/Builder->create('szesion', Object(Closure))
#8 C:/Users/Win11Prem2026Marcius/Desktop/sulinaiv1/database/migrations/2026_03_29_130850_mig1.php(106): Illuminate/Support/Facades/Facade::__callStatic('create', Array)
#9 C:/Users/Win11Prem2026Marcius/Desktop/sulinaiv1/vendor/laravel/framework/src/Illuminate/Database/Migrations/Migrator.php(517): Illuminate/Database/Migrations/Migration@anonymous->up()
#10 C:/Users/Win11Prem2026Marcius/Desktop/sulinaiv1/vendor/laravel/framework/src/Illuminate/Database/Migrations/Migrator.php(442): Illuminate/Database/Migrations/Migrator->runMethod(Object(Illuminate/Database/MySqlConnection), Object(Illuminate/Database/Migrations/Migration@anonymous), 'up')
#11 C:/Users/Win11Prem2026Marcius/Desktop/sulinaiv1/vendor/laravel/framework/src/Illuminate/Database/Migrations/Migrator.php(451): Illuminate/Database/Migrations/Migrator->Illuminate/Database/Migrations/{closure}()
#12 C:/Users/Win11Prem2026Marcius/Desktop/sulinaiv1/vendor/laravel/framework/src/Illuminate/Database/Migrations/Migrator.php(253): Illuminate/Database/Migrations/Migrator->runMigration(Object(Illuminate/Database/Migrations/Migration@anonymous), 'up')
#13 C:/Users/Win11Prem2026Marcius/Desktop/sulinaiv1/vendor/laravel/framework/src/Illuminate/Console/View/Components/Task.php(41): Illuminate/Database/Migrations/Migrator->Illuminate/Database/Migrations/{closure}()
#14 C:/Users/Win11Prem2026Marcius/Desktop/sulinaiv1/vendor/laravel/framework/src/Illuminate/Database/Migrations/Migrator.php(814): Illuminate/Console/View/Components/Task->render('2026_03_29_1308...', Object(Closure))
#15 C:/Users/Win11Prem2026Marcius/Desktop/sulinaiv1/vendor/laravel/framework/src/Illuminate/Database/Migrations/Migrator.php(253): Illuminate/Database/Migrations/Migrator->write('Illuminate//Cons...', '2026_03_29_1308...', Object(Closure))
#16 C:/Users/Win11Prem2026Marcius/Desktop/sulinaiv1/vendor/laravel/framework/src/Illuminate/Database/Migrations/Migrator.php(211): Illuminate/Database/Migrations/Migrator->runUp('C://Users//Win11P...', 1, false)
#17 C:/Users/Win11Prem2026Marcius/Desktop/sulinaiv1/vendor/laravel/framework/src/Illuminate/Database/Migrations/Migrator.php(138): Illuminate/Database/Migrations/Migrator->runPending(Array, Array)
#18 C:/Users/Win11Prem2026Marcius/Desktop/sulinaiv1/vendor/laravel/framework/src/Illuminate/Database/Console/Migrations/MigrateCommand.php(116): Illuminate/Database/Migrations/Migrator->run(Array, Array)
#19 C:/Users/Win11Prem2026Marcius/Desktop/sulinaiv1/vendor/laravel/framework/src/Illuminate/Database/Migrations/Migrator.php(671): Illuminate/Database/Console/Migrations/MigrateCommand->Illuminate/Database/Console/Migrations/{closure}()
#20 C:/Users/Win11Prem2026Marcius/Desktop/sulinaiv1/vendor/laravel/framework/src/Illuminate/Database/Console/Migrations/MigrateCommand.php(109): Illuminate/Database/Migrations/Migrator->usingConnection(NULL, Object(Closure))
#21 C:/Users/Win11Prem2026Marcius/Desktop/sulinaiv1/vendor/laravel/framework/src/Illuminate/Database/Console/Migrations/MigrateCommand.php(88): Illuminate/Database/Console/Migrations/MigrateCommand->runMigrations()
#22 C:/Users/Win11Prem2026Marcius/Desktop/sulinaiv1/vendor/laravel/framework/src/Illuminate/Container/BoundMethod.php(36): Illuminate/Database/Console/Migrations/MigrateCommand->handle()
#23 C:/Users/Win11Prem2026Marcius/Desktop/sulinaiv1/vendor/laravel/framework/src/Illuminate/Container/Util.php(43): Illuminate/Container/BoundMethod::Illuminate/Container/{closure}()
#24 C:/Users/Win11Prem2026Marcius/Desktop/sulinaiv1/vendor/laravel/framework/src/Illuminate/Container/BoundMethod.php(96): Illuminate/Container/Util::unwrapIfClosure(Object(Closure))
#25 C:/Users/Win11Prem2026Marcius/Desktop/sulinaiv1/vendor/laravel/framework/src/Illuminate/Container/BoundMethod.php(35): Illuminate/Container/BoundMethod::callBoundMethod(Object(Illuminate/Foundation/Application), Array, Object(Closure))
#26 C:/Users/Win11Prem2026Marcius/Desktop/sulinaiv1/vendor/laravel/framework/src/Illuminate/Container/Container.php(799): Illuminate/Container/BoundMethod::call(Object(Illuminate/Foundation/Application), Array, Array, NULL)
#27 C:/Users/Win11Prem2026Marcius/Desktop/sulinaiv1/vendor/laravel/framework/src/Illuminate/Console/Command.php(211): Illuminate/Container/Container->call(Array)
#28 C:/Users/Win11Prem2026Marcius/Desktop/sulinaiv1/vendor/symfony/console/Command/Command.php(341): Illuminate/Console/Command->execute(Object(Symfony/Component/Console/Input/ArgvInput), Object(Illuminate/Console/OutputStyle))
#29 C:/Users/Win11Prem2026Marcius/Desktop/sulinaiv1/vendor/laravel/framework/src/Illuminate/Console/Command.php(180): Symfony/Component/Console/Command/Command->run(Object(Symfony/Component/Console/Input/ArgvInput), Object(Illuminate/Console/OutputStyle))
#30 C:/Users/Win11Prem2026Marcius/Desktop/sulinaiv1/vendor/symfony/console/Application.php(1117): Illuminate/Console/Command->run(Object(Symfony/Component/Console/Input/ArgvInput), Object(Symfony/Component/Console/Output/ConsoleOutput))
#31 C:/Users/Win11Prem2026Marcius/Desktop/sulinaiv1/vendor/symfony/console/Application.php(356): Symfony/Component/Console/Application->doRunCommand(Object(Illuminate/Database/Console/Migrations/MigrateCommand), Object(Symfony/Component/Console/Input/ArgvInput), Object(Symfony/Component/Console/Output/ConsoleOutput))
#32 C:/Users/Win11Prem2026Marcius/Desktop/sulinaiv1/vendor/symfony/console/Application.php(195): Symfony/Component/Console/Application->doRun(Object(Symfony/Component/Console/Input/ArgvInput), Object(Symfony/Component/Console/Output/ConsoleOutput))
#33 C:/Users/Win11Prem2026Marcius/Desktop/sulinaiv1/vendor/laravel/framework/src/Illuminate/Foundation/Console/Kernel.php(198): Symfony/Component/Console/Application->run(Object(Symfony/Component/Console/Input/ArgvInput), Object(Symfony/Component/Console/Output/ConsoleOutput))
#34 C:/Users/Win11Prem2026Marcius/Desktop/sulinaiv1/vendor/laravel/framework/src/Illuminate/Foundation/Application.php(1235): Illuminate/Foundation/Console/Kernel->handle(Object(Symfony/Component/Console/Input/ArgvInput), Object(Symfony/Component/Console/Output/ConsoleOutput))
#35 C:/Users/Win11Prem2026Marcius/Desktop/sulinaiv1/artisan(16): Illuminate/Foundation/Application->handleCommand(Object(Symfony/Component/Console/Input/ArgvInput))
#36 {main}
"} 
[2026-04-09 18:45:07] local.ERROR: SQLSTATE[42000]: Syntax error or access violation: 1064 You have an error in your SQL syntax; check the manual that corresponds to your MariaDB server version for the right syntax to use near 'as' at line 1 (Connection: mysql, Host: 127.0.0.1, Port: 3306, Database: suliradionaiv, SQL: CREATE event IF NOT EXISTS orarendfeltoltes as ) {"exception":"[object] (Illuminate\\Database\\QueryException(code: 42000): SQLSTATE[42000]: Syntax error or access violation: 1064 You have an error in your SQL syntax; check the manual that corresponds to your MariaDB server version for the right syntax to use near 'as' at line 1 (Connection: mysql, Host: 127.0.0.1, Port: 3306, Database: suliradionaiv, SQL: CREATE event IF NOT EXISTS orarendfeltoltes as ) at C:/Users/Win11Prem2026Marcius/Desktop/sulinaiv1/vendor/laravel/framework/src/Illuminate/Database/Connection.php:838)
[stacktrace]
#0 C:/Users/Win11Prem2026Marcius/Desktop/sulinaiv1/vendor/laravel/framework/src/Illuminate/Database/Connection.php(794): Illuminate/Database/Connection->runQueryCallback('CREATE event IF...', Array, Object(Closure))
#1 C:/Users/Win11Prem2026Marcius/Desktop/sulinaiv1/vendor/laravel/framework/src/Illuminate/Database/Connection.php(627): Illuminate/Database/Connection->run('CREATE event IF...', Array, Object(Closure))
#2 C:/Users/Win11Prem2026Marcius/Desktop/sulinaiv1/vendor/laravel/framework/src/Illuminate/Database/DatabaseManager.php(491): Illuminate/Database/Connection->unprepared('CREATE event IF...')
#3 C:/Users/Win11Prem2026Marcius/Desktop/sulinaiv1/vendor/laravel/framework/src/Illuminate/Support/Facades/Facade.php(363): Illuminate/Database/DatabaseManager->__call('unprepared', Array)
#4 C:/Users/Win11Prem2026Marcius/Desktop/sulinaiv1/database/migrations/2026_03_29_130850_mig1.php(121): Illuminate/Support/Facades/Facade::__callStatic('unprepared', Array)
#5 C:/Users/Win11Prem2026Marcius/Desktop/sulinaiv1/vendor/laravel/framework/src/Illuminate/Database/Migrations/Migrator.php(517): Illuminate/Database/Migrations/Migration@anonymous->up()
#6 C:/Users/Win11Prem2026Marcius/Desktop/sulinaiv1/vendor/laravel/framework/src/Illuminate/Database/Migrations/Migrator.php(442): Illuminate/Database/Migrations/Migrator->runMethod(Object(Illuminate/Database/MySqlConnection), Object(Illuminate/Database/Migrations/Migration@anonymous), 'up')
#7 C:/Users/Win11Prem2026Marcius/Desktop/sulinaiv1/vendor/laravel/framework/src/Illuminate/Database/Migrations/Migrator.php(451): Illuminate/Database/Migrations/Migrator->Illuminate/Database/Migrations/{closure}()
#8 C:/Users/Win11Prem2026Marcius/Desktop/sulinaiv1/vendor/laravel/framework/src/Illuminate/Database/Migrations/Migrator.php(253): Illuminate/Database/Migrations/Migrator->runMigration(Object(Illuminate/Database/Migrations/Migration@anonymous), 'up')
#9 C:/Users/Win11Prem2026Marcius/Desktop/sulinaiv1/vendor/laravel/framework/src/Illuminate/Console/View/Components/Task.php(41): Illuminate/Database/Migrations/Migrator->Illuminate/Database/Migrations/{closure}()
#10 C:/Users/Win11Prem2026Marcius/Desktop/sulinaiv1/vendor/laravel/framework/src/Illuminate/Database/Migrations/Migrator.php(814): Illuminate/Console/View/Components/Task->render('2026_03_29_1308...', Object(Closure))
#11 C:/Users/Win11Prem2026Marcius/Desktop/sulinaiv1/vendor/laravel/framework/src/Illuminate/Database/Migrations/Migrator.php(253): Illuminate/Database/Migrations/Migrator->write('Illuminate//Cons...', '2026_03_29_1308...', Object(Closure))
#12 C:/Users/Win11Prem2026Marcius/Desktop/sulinaiv1/vendor/laravel/framework/src/Illuminate/Database/Migrations/Migrator.php(211): Illuminate/Database/Migrations/Migrator->runUp('C://Users//Win11P...', 1, false)
#13 C:/Users/Win11Prem2026Marcius/Desktop/sulinaiv1/vendor/laravel/framework/src/Illuminate/Database/Migrations/Migrator.php(138): Illuminate/Database/Migrations/Migrator->runPending(Array, Array)
#14 C:/Users/Win11Prem2026Marcius/Desktop/sulinaiv1/vendor/laravel/framework/src/Illuminate/Database/Console/Migrations/MigrateCommand.php(116): Illuminate/Database/Migrations/Migrator->run(Array, Array)
#15 C:/Users/Win11Prem2026Marcius/Desktop/sulinaiv1/vendor/laravel/framework/src/Illuminate/Database/Migrations/Migrator.php(671): Illuminate/Database/Console/Migrations/MigrateCommand->Illuminate/Database/Console/Migrations/{closure}()
#16 C:/Users/Win11Prem2026Marcius/Desktop/sulinaiv1/vendor/laravel/framework/src/Illuminate/Database/Console/Migrations/MigrateCommand.php(109): Illuminate/Database/Migrations/Migrator->usingConnection(NULL, Object(Closure))
#17 C:/Users/Win11Prem2026Marcius/Desktop/sulinaiv1/vendor/laravel/framework/src/Illuminate/Database/Console/Migrations/MigrateCommand.php(88): Illuminate/Database/Console/Migrations/MigrateCommand->runMigrations()
#18 C:/Users/Win11Prem2026Marcius/Desktop/sulinaiv1/vendor/laravel/framework/src/Illuminate/Container/BoundMethod.php(36): Illuminate/Database/Console/Migrations/MigrateCommand->handle()
#19 C:/Users/Win11Prem2026Marcius/Desktop/sulinaiv1/vendor/laravel/framework/src/Illuminate/Container/Util.php(43): Illuminate/Container/BoundMethod::Illuminate/Container/{closure}()
#20 C:/Users/Win11Prem2026Marcius/Desktop/sulinaiv1/vendor/laravel/framework/src/Illuminate/Container/BoundMethod.php(96): Illuminate/Container/Util::unwrapIfClosure(Object(Closure))
#21 C:/Users/Win11Prem2026Marcius/Desktop/sulinaiv1/vendor/laravel/framework/src/Illuminate/Container/BoundMethod.php(35): Illuminate/Container/BoundMethod::callBoundMethod(Object(Illuminate/Foundation/Application), Array, Object(Closure))
#22 C:/Users/Win11Prem2026Marcius/Desktop/sulinaiv1/vendor/laravel/framework/src/Illuminate/Container/Container.php(799): Illuminate/Container/BoundMethod::call(Object(Illuminate/Foundation/Application), Array, Array, NULL)
#23 C:/Users/Win11Prem2026Marcius/Desktop/sulinaiv1/vendor/laravel/framework/src/Illuminate/Console/Command.php(211): Illuminate/Container/Container->call(Array)
#24 C:/Users/Win11Prem2026Marcius/Desktop/sulinaiv1/vendor/symfony/console/Command/Command.php(341): Illuminate/Console/Command->execute(Object(Symfony/Component/Console/Input/ArgvInput), Object(Illuminate/Console/OutputStyle))
#25 C:/Users/Win11Prem2026Marcius/Desktop/sulinaiv1/vendor/laravel/framework/src/Illuminate/Console/Command.php(180): Symfony/Component/Console/Command/Command->run(Object(Symfony/Component/Console/Input/ArgvInput), Object(Illuminate/Console/OutputStyle))
#26 C:/Users/Win11Prem2026Marcius/Desktop/sulinaiv1/vendor/symfony/console/Application.php(1117): Illuminate/Console/Command->run(Object(Symfony/Component/Console/Input/ArgvInput), Object(Symfony/Component/Console/Output/ConsoleOutput))
#27 C:/Users/Win11Prem2026Marcius/Desktop/sulinaiv1/vendor/symfony/console/Application.php(356): Symfony/Component/Console/Application->doRunCommand(Object(Illuminate/Database/Console/Migrations/MigrateCommand), Object(Symfony/Component/Console/Input/ArgvInput), Object(Symfony/Component/Console/Output/ConsoleOutput))
#28 C:/Users/Win11Prem2026Marcius/Desktop/sulinaiv1/vendor/symfony/console/Application.php(195): Symfony/Component/Console/Application->doRun(Object(Symfony/Component/Console/Input/ArgvInput), Object(Symfony/Component/Console/Output/ConsoleOutput))
#29 C:/Users/Win11Prem2026Marcius/Desktop/sulinaiv1/vendor/laravel/framework/src/Illuminate/Foundation/Console/Kernel.php(198): Symfony/Component/Console/Application->run(Object(Symfony/Component/Console/Input/ArgvInput), Object(Symfony/Component/Console/Output/ConsoleOutput))
#30 C:/Users/Win11Prem2026Marcius/Desktop/sulinaiv1/vendor/laravel/framework/src/Illuminate/Foundation/Application.php(1235): Illuminate/Foundation/Console/Kernel->handle(Object(Symfony/Component/Console/Input/ArgvInput), Object(Symfony/Component/Console/Output/ConsoleOutput))
#31 C:/Users/Win11Prem2026Marcius/Desktop/sulinaiv1/artisan(16): Illuminate/Foundation/Application->handleCommand(Object(Symfony/Component/Console/Input/ArgvInput))
#32 {main}

[previous exception] [object] (PDOException(code: 42000): SQLSTATE[42000]: Syntax error or access violation: 1064 You have an error in your SQL syntax; check the manual that corresponds to your MariaDB server version for the right syntax to use near 'as' at line 1 at C:/Users/Win11Prem2026Marcius/Desktop/sulinaiv1/vendor/laravel/framework/src/Illuminate/Database/Connection.php:633)
[stacktrace]
#0 C:/Users/Win11Prem2026Marcius/Desktop/sulinaiv1/vendor/laravel/framework/src/Illuminate/Database/Connection.php(633): PDO->exec('CREATE event IF...')
#1 C:/Users/Win11Prem2026Marcius/Desktop/sulinaiv1/vendor/laravel/framework/src/Illuminate/Database/Connection.php(827): Illuminate/Database/Connection->Illuminate/Database/{closure}('CREATE event IF...', Array)
#2 C:/Users/Win11Prem2026Marcius/Desktop/sulinaiv1/vendor/laravel/framework/src/Illuminate/Database/Connection.php(794): Illuminate/Database/Connection->runQueryCallback('CREATE event IF...', Array, Object(Closure))
#3 C:/Users/Win11Prem2026Marcius/Desktop/sulinaiv1/vendor/laravel/framework/src/Illuminate/Database/Connection.php(627): Illuminate/Database/Connection->run('CREATE event IF...', Array, Object(Closure))
#4 C:/Users/Win11Prem2026Marcius/Desktop/sulinaiv1/vendor/laravel/framework/src/Illuminate/Database/DatabaseManager.php(491): Illuminate/Database/Connection->unprepared('CREATE event IF...')
#5 C:/Users/Win11Prem2026Marcius/Desktop/sulinaiv1/vendor/laravel/framework/src/Illuminate/Support/Facades/Facade.php(363): Illuminate/Database/DatabaseManager->__call('unprepared', Array)
#6 C:/Users/Win11Prem2026Marcius/Desktop/sulinaiv1/database/migrations/2026_03_29_130850_mig1.php(121): Illuminate/Support/Facades/Facade::__callStatic('unprepared', Array)
#7 C:/Users/Win11Prem2026Marcius/Desktop/sulinaiv1/vendor/laravel/framework/src/Illuminate/Database/Migrations/Migrator.php(517): Illuminate/Database/Migrations/Migration@anonymous->up()
#8 C:/Users/Win11Prem2026Marcius/Desktop/sulinaiv1/vendor/laravel/framework/src/Illuminate/Database/Migrations/Migrator.php(442): Illuminate/Database/Migrations/Migrator->runMethod(Object(Illuminate/Database/MySqlConnection), Object(Illuminate/Database/Migrations/Migration@anonymous), 'up')
#9 C:/Users/Win11Prem2026Marcius/Desktop/sulinaiv1/vendor/laravel/framework/src/Illuminate/Database/Migrations/Migrator.php(451): Illuminate/Database/Migrations/Migrator->Illuminate/Database/Migrations/{closure}()
#10 C:/Users/Win11Prem2026Marcius/Desktop/sulinaiv1/vendor/laravel/framework/src/Illuminate/Database/Migrations/Migrator.php(253): Illuminate/Database/Migrations/Migrator->runMigration(Object(Illuminate/Database/Migrations/Migration@anonymous), 'up')
#11 C:/Users/Win11Prem2026Marcius/Desktop/sulinaiv1/vendor/laravel/framework/src/Illuminate/Console/View/Components/Task.php(41): Illuminate/Database/Migrations/Migrator->Illuminate/Database/Migrations/{closure}()
#12 C:/Users/Win11Prem2026Marcius/Desktop/sulinaiv1/vendor/laravel/framework/src/Illuminate/Database/Migrations/Migrator.php(814): Illuminate/Console/View/Components/Task->render('2026_03_29_1308...', Object(Closure))
#13 C:/Users/Win11Prem2026Marcius/Desktop/sulinaiv1/vendor/laravel/framework/src/Illuminate/Database/Migrations/Migrator.php(253): Illuminate/Database/Migrations/Migrator->write('Illuminate//Cons...', '2026_03_29_1308...', Object(Closure))
#14 C:/Users/Win11Prem2026Marcius/Desktop/sulinaiv1/vendor/laravel/framework/src/Illuminate/Database/Migrations/Migrator.php(211): Illuminate/Database/Migrations/Migrator->runUp('C://Users//Win11P...', 1, false)
#15 C:/Users/Win11Prem2026Marcius/Desktop/sulinaiv1/vendor/laravel/framework/src/Illuminate/Database/Migrations/Migrator.php(138): Illuminate/Database/Migrations/Migrator->runPending(Array, Array)
#16 C:/Users/Win11Prem2026Marcius/Desktop/sulinaiv1/vendor/laravel/framework/src/Illuminate/Database/Console/Migrations/MigrateCommand.php(116): Illuminate/Database/Migrations/Migrator->run(Array, Array)
#17 C:/Users/Win11Prem2026Marcius/Desktop/sulinaiv1/vendor/laravel/framework/src/Illuminate/Database/Migrations/Migrator.php(671): Illuminate/Database/Console/Migrations/MigrateCommand->Illuminate/Database/Console/Migrations/{closure}()
#18 C:/Users/Win11Prem2026Marcius/Desktop/sulinaiv1/vendor/laravel/framework/src/Illuminate/Database/Console/Migrations/MigrateCommand.php(109): Illuminate/Database/Migrations/Migrator->usingConnection(NULL, Object(Closure))
#19 C:/Users/Win11Prem2026Marcius/Desktop/sulinaiv1/vendor/laravel/framework/src/Illuminate/Database/Console/Migrations/MigrateCommand.php(88): Illuminate/Database/Console/Migrations/MigrateCommand->runMigrations()
#20 C:/Users/Win11Prem2026Marcius/Desktop/sulinaiv1/vendor/laravel/framework/src/Illuminate/Container/BoundMethod.php(36): Illuminate/Database/Console/Migrations/MigrateCommand->handle()
#21 C:/Users/Win11Prem2026Marcius/Desktop/sulinaiv1/vendor/laravel/framework/src/Illuminate/Container/Util.php(43): Illuminate/Container/BoundMethod::Illuminate/Container/{closure}()
#22 C:/Users/Win11Prem2026Marcius/Desktop/sulinaiv1/vendor/laravel/framework/src/Illuminate/Container/BoundMethod.php(96): Illuminate/Container/Util::unwrapIfClosure(Object(Closure))
#23 C:/Users/Win11Prem2026Marcius/Desktop/sulinaiv1/vendor/laravel/framework/src/Illuminate/Container/BoundMethod.php(35): Illuminate/Container/BoundMethod::callBoundMethod(Object(Illuminate/Foundation/Application), Array, Object(Closure))
#24 C:/Users/Win11Prem2026Marcius/Desktop/sulinaiv1/vendor/laravel/framework/src/Illuminate/Container/Container.php(799): Illuminate/Container/BoundMethod::call(Object(Illuminate/Foundation/Application), Array, Array, NULL)
#25 C:/Users/Win11Prem2026Marcius/Desktop/sulinaiv1/vendor/laravel/framework/src/Illuminate/Console/Command.php(211): Illuminate/Container/Container->call(Array)
#26 C:/Users/Win11Prem2026Marcius/Desktop/sulinaiv1/vendor/symfony/console/Command/Command.php(341): Illuminate/Console/Command->execute(Object(Symfony/Component/Console/Input/ArgvInput), Object(Illuminate/Console/OutputStyle))
#27 C:/Users/Win11Prem2026Marcius/Desktop/sulinaiv1/vendor/laravel/framework/src/Illuminate/Console/Command.php(180): Symfony/Component/Console/Command/Command->run(Object(Symfony/Component/Console/Input/ArgvInput), Object(Illuminate/Console/OutputStyle))
#28 C:/Users/Win11Prem2026Marcius/Desktop/sulinaiv1/vendor/symfony/console/Application.php(1117): Illuminate/Console/Command->run(Object(Symfony/Component/Console/Input/ArgvInput), Object(Symfony/Component/Console/Output/ConsoleOutput))
#29 C:/Users/Win11Prem2026Marcius/Desktop/sulinaiv1/vendor/symfony/console/Application.php(356): Symfony/Component/Console/Application->doRunCommand(Object(Illuminate/Database/Console/Migrations/MigrateCommand), Object(Symfony/Component/Console/Input/ArgvInput), Object(Symfony/Component/Console/Output/ConsoleOutput))
#30 C:/Users/Win11Prem2026Marcius/Desktop/sulinaiv1/vendor/symfony/console/Application.php(195): Symfony/Component/Console/Application->doRun(Object(Symfony/Component/Console/Input/ArgvInput), Object(Symfony/Component/Console/Output/ConsoleOutput))
#31 C:/Users/Win11Prem2026Marcius/Desktop/sulinaiv1/vendor/laravel/framework/src/Illuminate/Foundation/Console/Kernel.php(198): Symfony/Component/Console/Application->run(Object(Symfony/Component/Console/Input/ArgvInput), Object(Symfony/Component/Console/Output/ConsoleOutput))
#32 C:/Users/Win11Prem2026Marcius/Desktop/sulinaiv1/vendor/laravel/framework/src/Illuminate/Foundation/Application.php(1235): Illuminate/Foundation/Console/Kernel->handle(Object(Symfony/Component/Console/Input/ArgvInput), Object(Symfony/Component/Console/Output/ConsoleOutput))
#33 C:/Users/Win11Prem2026Marcius/Desktop/sulinaiv1/artisan(16): Illuminate/Foundation/Application->handleCommand(Object(Symfony/Component/Console/Input/ArgvInput))
#34 {main}
"} 
[2026-04-09 18:51:02] local.ERROR: SQLSTATE[42000]: Syntax error or access violation: 1064 You have an error in your SQL syntax; check the manual that corresponds to your MariaDB server version for the right syntax to use near 'as' at line 1 (Connection: mysql, Host: 127.0.0.1, Port: 3306, Database: suliradionaiv, SQL: CREATE event IF NOT EXISTS orarendfeltoltes as ) {"exception":"[object] (Illuminate\\Database\\QueryException(code: 42000): SQLSTATE[42000]: Syntax error or access violation: 1064 You have an error in your SQL syntax; check the manual that corresponds to your MariaDB server version for the right syntax to use near 'as' at line 1 (Connection: mysql, Host: 127.0.0.1, Port: 3306, Database: suliradionaiv, SQL: CREATE event IF NOT EXISTS orarendfeltoltes as ) at C:/Users/Win11Prem2026Marcius/Desktop/sulinaiv1/vendor/laravel/framework/src/Illuminate/Database/Connection.php:838)
[stacktrace]
#0 C:/Users/Win11Prem2026Marcius/Desktop/sulinaiv1/vendor/laravel/framework/src/Illuminate/Database/Connection.php(794): Illuminate/Database/Connection->runQueryCallback('CREATE event IF...', Array, Object(Closure))
#1 C:/Users/Win11Prem2026Marcius/Desktop/sulinaiv1/vendor/laravel/framework/src/Illuminate/Database/Connection.php(627): Illuminate/Database/Connection->run('CREATE event IF...', Array, Object(Closure))
#2 C:/Users/Win11Prem2026Marcius/Desktop/sulinaiv1/vendor/laravel/framework/src/Illuminate/Database/DatabaseManager.php(491): Illuminate/Database/Connection->unprepared('CREATE event IF...')
#3 C:/Users/Win11Prem2026Marcius/Desktop/sulinaiv1/vendor/laravel/framework/src/Illuminate/Support/Facades/Facade.php(363): Illuminate/Database/DatabaseManager->__call('unprepared', Array)
#4 C:/Users/Win11Prem2026Marcius/Desktop/sulinaiv1/database/migrations/2026_03_29_130850_mig1.php(121): Illuminate/Support/Facades/Facade::__callStatic('unprepared', Array)
#5 C:/Users/Win11Prem2026Marcius/Desktop/sulinaiv1/vendor/laravel/framework/src/Illuminate/Database/Migrations/Migrator.php(517): Illuminate/Database/Migrations/Migration@anonymous->up()
#6 C:/Users/Win11Prem2026Marcius/Desktop/sulinaiv1/vendor/laravel/framework/src/Illuminate/Database/Migrations/Migrator.php(442): Illuminate/Database/Migrations/Migrator->runMethod(Object(Illuminate/Database/MySqlConnection), Object(Illuminate/Database/Migrations/Migration@anonymous), 'up')
#7 C:/Users/Win11Prem2026Marcius/Desktop/sulinaiv1/vendor/laravel/framework/src/Illuminate/Database/Migrations/Migrator.php(451): Illuminate/Database/Migrations/Migrator->Illuminate/Database/Migrations/{closure}()
#8 C:/Users/Win11Prem2026Marcius/Desktop/sulinaiv1/vendor/laravel/framework/src/Illuminate/Database/Migrations/Migrator.php(253): Illuminate/Database/Migrations/Migrator->runMigration(Object(Illuminate/Database/Migrations/Migration@anonymous), 'up')
#9 C:/Users/Win11Prem2026Marcius/Desktop/sulinaiv1/vendor/laravel/framework/src/Illuminate/Console/View/Components/Task.php(41): Illuminate/Database/Migrations/Migrator->Illuminate/Database/Migrations/{closure}()
#10 C:/Users/Win11Prem2026Marcius/Desktop/sulinaiv1/vendor/laravel/framework/src/Illuminate/Database/Migrations/Migrator.php(814): Illuminate/Console/View/Components/Task->render('2026_03_29_1308...', Object(Closure))
#11 C:/Users/Win11Prem2026Marcius/Desktop/sulinaiv1/vendor/laravel/framework/src/Illuminate/Database/Migrations/Migrator.php(253): Illuminate/Database/Migrations/Migrator->write('Illuminate//Cons...', '2026_03_29_1308...', Object(Closure))
#12 C:/Users/Win11Prem2026Marcius/Desktop/sulinaiv1/vendor/laravel/framework/src/Illuminate/Database/Migrations/Migrator.php(211): Illuminate/Database/Migrations/Migrator->runUp('C://Users//Win11P...', 2, false)
#13 C:/Users/Win11Prem2026Marcius/Desktop/sulinaiv1/vendor/laravel/framework/src/Illuminate/Database/Migrations/Migrator.php(138): Illuminate/Database/Migrations/Migrator->runPending(Array, Array)
#14 C:/Users/Win11Prem2026Marcius/Desktop/sulinaiv1/vendor/laravel/framework/src/Illuminate/Database/Console/Migrations/MigrateCommand.php(116): Illuminate/Database/Migrations/Migrator->run(Array, Array)
#15 C:/Users/Win11Prem2026Marcius/Desktop/sulinaiv1/vendor/laravel/framework/src/Illuminate/Database/Migrations/Migrator.php(671): Illuminate/Database/Console/Migrations/MigrateCommand->Illuminate/Database/Console/Migrations/{closure}()
#16 C:/Users/Win11Prem2026Marcius/Desktop/sulinaiv1/vendor/laravel/framework/src/Illuminate/Database/Console/Migrations/MigrateCommand.php(109): Illuminate/Database/Migrations/Migrator->usingConnection(NULL, Object(Closure))
#17 C:/Users/Win11Prem2026Marcius/Desktop/sulinaiv1/vendor/laravel/framework/src/Illuminate/Database/Console/Migrations/MigrateCommand.php(88): Illuminate/Database/Console/Migrations/MigrateCommand->runMigrations()
#18 C:/Users/Win11Prem2026Marcius/Desktop/sulinaiv1/vendor/laravel/framework/src/Illuminate/Container/BoundMethod.php(36): Illuminate/Database/Console/Migrations/MigrateCommand->handle()
#19 C:/Users/Win11Prem2026Marcius/Desktop/sulinaiv1/vendor/laravel/framework/src/Illuminate/Container/Util.php(43): Illuminate/Container/BoundMethod::Illuminate/Container/{closure}()
#20 C:/Users/Win11Prem2026Marcius/Desktop/sulinaiv1/vendor/laravel/framework/src/Illuminate/Container/BoundMethod.php(96): Illuminate/Container/Util::unwrapIfClosure(Object(Closure))
#21 C:/Users/Win11Prem2026Marcius/Desktop/sulinaiv1/vendor/laravel/framework/src/Illuminate/Container/BoundMethod.php(35): Illuminate/Container/BoundMethod::callBoundMethod(Object(Illuminate/Foundation/Application), Array, Object(Closure))
#22 C:/Users/Win11Prem2026Marcius/Desktop/sulinaiv1/vendor/laravel/framework/src/Illuminate/Container/Container.php(799): Illuminate/Container/BoundMethod::call(Object(Illuminate/Foundation/Application), Array, Array, NULL)
#23 C:/Users/Win11Prem2026Marcius/Desktop/sulinaiv1/vendor/laravel/framework/src/Illuminate/Console/Command.php(211): Illuminate/Container/Container->call(Array)
#24 C:/Users/Win11Prem2026Marcius/Desktop/sulinaiv1/vendor/symfony/console/Command/Command.php(341): Illuminate/Console/Command->execute(Object(Symfony/Component/Console/Input/ArgvInput), Object(Illuminate/Console/OutputStyle))
#25 C:/Users/Win11Prem2026Marcius/Desktop/sulinaiv1/vendor/laravel/framework/src/Illuminate/Console/Command.php(180): Symfony/Component/Console/Command/Command->run(Object(Symfony/Component/Console/Input/ArgvInput), Object(Illuminate/Console/OutputStyle))
#26 C:/Users/Win11Prem2026Marcius/Desktop/sulinaiv1/vendor/symfony/console/Application.php(1117): Illuminate/Console/Command->run(Object(Symfony/Component/Console/Input/ArgvInput), Object(Symfony/Component/Console/Output/ConsoleOutput))
#27 C:/Users/Win11Prem2026Marcius/Desktop/sulinaiv1/vendor/symfony/console/Application.php(356): Symfony/Component/Console/Application->doRunCommand(Object(Illuminate/Database/Console/Migrations/MigrateCommand), Object(Symfony/Component/Console/Input/ArgvInput), Object(Symfony/Component/Console/Output/ConsoleOutput))
#28 C:/Users/Win11Prem2026Marcius/Desktop/sulinaiv1/vendor/symfony/console/Application.php(195): Symfony/Component/Console/Application->doRun(Object(Symfony/Component/Console/Input/ArgvInput), Object(Symfony/Component/Console/Output/ConsoleOutput))
#29 C:/Users/Win11Prem2026Marcius/Desktop/sulinaiv1/vendor/laravel/framework/src/Illuminate/Foundation/Console/Kernel.php(198): Symfony/Component/Console/Application->run(Object(Symfony/Component/Console/Input/ArgvInput), Object(Symfony/Component/Console/Output/ConsoleOutput))
#30 C:/Users/Win11Prem2026Marcius/Desktop/sulinaiv1/vendor/laravel/framework/src/Illuminate/Foundation/Application.php(1235): Illuminate/Foundation/Console/Kernel->handle(Object(Symfony/Component/Console/Input/ArgvInput), Object(Symfony/Component/Console/Output/ConsoleOutput))
#31 C:/Users/Win11Prem2026Marcius/Desktop/sulinaiv1/artisan(16): Illuminate/Foundation/Application->handleCommand(Object(Symfony/Component/Console/Input/ArgvInput))
#32 {main}

[previous exception] [object] (PDOException(code: 42000): SQLSTATE[42000]: Syntax error or access violation: 1064 You have an error in your SQL syntax; check the manual that corresponds to your MariaDB server version for the right syntax to use near 'as' at line 1 at C:/Users/Win11Prem2026Marcius/Desktop/sulinaiv1/vendor/laravel/framework/src/Illuminate/Database/Connection.php:633)
[stacktrace]
#0 C:/Users/Win11Prem2026Marcius/Desktop/sulinaiv1/vendor/laravel/framework/src/Illuminate/Database/Connection.php(633): PDO->exec('CREATE event IF...')
#1 C:/Users/Win11Prem2026Marcius/Desktop/sulinaiv1/vendor/laravel/framework/src/Illuminate/Database/Connection.php(827): Illuminate/Database/Connection->Illuminate/Database/{closure}('CREATE event IF...', Array)
#2 C:/Users/Win11Prem2026Marcius/Desktop/sulinaiv1/vendor/laravel/framework/src/Illuminate/Database/Connection.php(794): Illuminate/Database/Connection->runQueryCallback('CREATE event IF...', Array, Object(Closure))
#3 C:/Users/Win11Prem2026Marcius/Desktop/sulinaiv1/vendor/laravel/framework/src/Illuminate/Database/Connection.php(627): Illuminate/Database/Connection->run('CREATE event IF...', Array, Object(Closure))
#4 C:/Users/Win11Prem2026Marcius/Desktop/sulinaiv1/vendor/laravel/framework/src/Illuminate/Database/DatabaseManager.php(491): Illuminate/Database/Connection->unprepared('CREATE event IF...')
#5 C:/Users/Win11Prem2026Marcius/Desktop/sulinaiv1/vendor/laravel/framework/src/Illuminate/Support/Facades/Facade.php(363): Illuminate/Database/DatabaseManager->__call('unprepared', Array)
#6 C:/Users/Win11Prem2026Marcius/Desktop/sulinaiv1/database/migrations/2026_03_29_130850_mig1.php(121): Illuminate/Support/Facades/Facade::__callStatic('unprepared', Array)
#7 C:/Users/Win11Prem2026Marcius/Desktop/sulinaiv1/vendor/laravel/framework/src/Illuminate/Database/Migrations/Migrator.php(517): Illuminate/Database/Migrations/Migration@anonymous->up()
#8 C:/Users/Win11Prem2026Marcius/Desktop/sulinaiv1/vendor/laravel/framework/src/Illuminate/Database/Migrations/Migrator.php(442): Illuminate/Database/Migrations/Migrator->runMethod(Object(Illuminate/Database/MySqlConnection), Object(Illuminate/Database/Migrations/Migration@anonymous), 'up')
#9 C:/Users/Win11Prem2026Marcius/Desktop/sulinaiv1/vendor/laravel/framework/src/Illuminate/Database/Migrations/Migrator.php(451): Illuminate/Database/Migrations/Migrator->Illuminate/Database/Migrations/{closure}()
#10 C:/Users/Win11Prem2026Marcius/Desktop/sulinaiv1/vendor/laravel/framework/src/Illuminate/Database/Migrations/Migrator.php(253): Illuminate/Database/Migrations/Migrator->runMigration(Object(Illuminate/Database/Migrations/Migration@anonymous), 'up')
#11 C:/Users/Win11Prem2026Marcius/Desktop/sulinaiv1/vendor/laravel/framework/src/Illuminate/Console/View/Components/Task.php(41): Illuminate/Database/Migrations/Migrator->Illuminate/Database/Migrations/{closure}()
#12 C:/Users/Win11Prem2026Marcius/Desktop/sulinaiv1/vendor/laravel/framework/src/Illuminate/Database/Migrations/Migrator.php(814): Illuminate/Console/View/Components/Task->render('2026_03_29_1308...', Object(Closure))
#13 C:/Users/Win11Prem2026Marcius/Desktop/sulinaiv1/vendor/laravel/framework/src/Illuminate/Database/Migrations/Migrator.php(253): Illuminate/Database/Migrations/Migrator->write('Illuminate//Cons...', '2026_03_29_1308...', Object(Closure))
#14 C:/Users/Win11Prem2026Marcius/Desktop/sulinaiv1/vendor/laravel/framework/src/Illuminate/Database/Migrations/Migrator.php(211): Illuminate/Database/Migrations/Migrator->runUp('C://Users//Win11P...', 2, false)
#15 C:/Users/Win11Prem2026Marcius/Desktop/sulinaiv1/vendor/laravel/framework/src/Illuminate/Database/Migrations/Migrator.php(138): Illuminate/Database/Migrations/Migrator->runPending(Array, Array)
#16 C:/Users/Win11Prem2026Marcius/Desktop/sulinaiv1/vendor/laravel/framework/src/Illuminate/Database/Console/Migrations/MigrateCommand.php(116): Illuminate/Database/Migrations/Migrator->run(Array, Array)
#17 C:/Users/Win11Prem2026Marcius/Desktop/sulinaiv1/vendor/laravel/framework/src/Illuminate/Database/Migrations/Migrator.php(671): Illuminate/Database/Console/Migrations/MigrateCommand->Illuminate/Database/Console/Migrations/{closure}()
#18 C:/Users/Win11Prem2026Marcius/Desktop/sulinaiv1/vendor/laravel/framework/src/Illuminate/Database/Console/Migrations/MigrateCommand.php(109): Illuminate/Database/Migrations/Migrator->usingConnection(NULL, Object(Closure))
#19 C:/Users/Win11Prem2026Marcius/Desktop/sulinaiv1/vendor/laravel/framework/src/Illuminate/Database/Console/Migrations/MigrateCommand.php(88): Illuminate/Database/Console/Migrations/MigrateCommand->runMigrations()
#20 C:/Users/Win11Prem2026Marcius/Desktop/sulinaiv1/vendor/laravel/framework/src/Illuminate/Container/BoundMethod.php(36): Illuminate/Database/Console/Migrations/MigrateCommand->handle()
#21 C:/Users/Win11Prem2026Marcius/Desktop/sulinaiv1/vendor/laravel/framework/src/Illuminate/Container/Util.php(43): Illuminate/Container/BoundMethod::Illuminate/Container/{closure}()
#22 C:/Users/Win11Prem2026Marcius/Desktop/sulinaiv1/vendor/laravel/framework/src/Illuminate/Container/BoundMethod.php(96): Illuminate/Container/Util::unwrapIfClosure(Object(Closure))
#23 C:/Users/Win11Prem2026Marcius/Desktop/sulinaiv1/vendor/laravel/framework/src/Illuminate/Container/BoundMethod.php(35): Illuminate/Container/BoundMethod::callBoundMethod(Object(Illuminate/Foundation/Application), Array, Object(Closure))
#24 C:/Users/Win11Prem2026Marcius/Desktop/sulinaiv1/vendor/laravel/framework/src/Illuminate/Container/Container.php(799): Illuminate/Container/BoundMethod::call(Object(Illuminate/Foundation/Application), Array, Array, NULL)
#25 C:/Users/Win11Prem2026Marcius/Desktop/sulinaiv1/vendor/laravel/framework/src/Illuminate/Console/Command.php(211): Illuminate/Container/Container->call(Array)
#26 C:/Users/Win11Prem2026Marcius/Desktop/sulinaiv1/vendor/symfony/console/Command/Command.php(341): Illuminate/Console/Command->execute(Object(Symfony/Component/Console/Input/ArgvInput), Object(Illuminate/Console/OutputStyle))
#27 C:/Users/Win11Prem2026Marcius/Desktop/sulinaiv1/vendor/laravel/framework/src/Illuminate/Console/Command.php(180): Symfony/Component/Console/Command/Command->run(Object(Symfony/Component/Console/Input/ArgvInput), Object(Illuminate/Console/OutputStyle))
#28 C:/Users/Win11Prem2026Marcius/Desktop/sulinaiv1/vendor/symfony/console/Application.php(1117): Illuminate/Console/Command->run(Object(Symfony/Component/Console/Input/ArgvInput), Object(Symfony/Component/Console/Output/ConsoleOutput))
#29 C:/Users/Win11Prem2026Marcius/Desktop/sulinaiv1/vendor/symfony/console/Application.php(356): Symfony/Component/Console/Application->doRunCommand(Object(Illuminate/Database/Console/Migrations/MigrateCommand), Object(Symfony/Component/Console/Input/ArgvInput), Object(Symfony/Component/Console/Output/ConsoleOutput))
#30 C:/Users/Win11Prem2026Marcius/Desktop/sulinaiv1/vendor/symfony/console/Application.php(195): Symfony/Component/Console/Application->doRun(Object(Symfony/Component/Console/Input/ArgvInput), Object(Symfony/Component/Console/Output/ConsoleOutput))
#31 C:/Users/Win11Prem2026Marcius/Desktop/sulinaiv1/vendor/laravel/framework/src/Illuminate/Foundation/Console/Kernel.php(198): Symfony/Component/Console/Application->run(Object(Symfony/Component/Console/Input/ArgvInput), Object(Symfony/Component/Console/Output/ConsoleOutput))
#32 C:/Users/Win11Prem2026Marcius/Desktop/sulinaiv1/vendor/laravel/framework/src/Illuminate/Foundation/Application.php(1235): Illuminate/Foundation/Console/Kernel->handle(Object(Symfony/Component/Console/Input/ArgvInput), Object(Symfony/Component/Console/Output/ConsoleOutput))
#33 C:/Users/Win11Prem2026Marcius/Desktop/sulinaiv1/artisan(16): Illuminate/Foundation/Application->handleCommand(Object(Symfony/Component/Console/Input/ArgvInput))
#34 {main}
"} 
[2026-04-09 18:53:00] local.ERROR: SQLSTATE[42000]: Syntax error or access violation: 1064 You have an error in your SQL syntax; check the manual that corresponds to your MariaDB server version for the right syntax to use near '' at line 1 (Connection: mysql, Host: 127.0.0.1, Port: 3306, Database: suliradionaiv, SQL: CREATE TRIGGER IF NOT EXISTS felhasznalofeltolteselot BEFORE INSERT on felhasznalo FOR EACH ROW  ) {"exception":"[object] (Illuminate\\Database\\QueryException(code: 42000): SQLSTATE[42000]: Syntax error or access violation: 1064 You have an error in your SQL syntax; check the manual that corresponds to your MariaDB server version for the right syntax to use near '' at line 1 (Connection: mysql, Host: 127.0.0.1, Port: 3306, Database: suliradionaiv, SQL: CREATE TRIGGER IF NOT EXISTS felhasznalofeltolteselot BEFORE INSERT on felhasznalo FOR EACH ROW  ) at C:/Users/Win11Prem2026Marcius/Desktop/sulinaiv1/vendor/laravel/framework/src/Illuminate/Database/Connection.php:838)
[stacktrace]
#0 C:/Users/Win11Prem2026Marcius/Desktop/sulinaiv1/vendor/laravel/framework/src/Illuminate/Database/Connection.php(794): Illuminate/Database/Connection->runQueryCallback('CREATE TRIGGER ...', Array, Object(Closure))
#1 C:/Users/Win11Prem2026Marcius/Desktop/sulinaiv1/vendor/laravel/framework/src/Illuminate/Database/Connection.php(627): Illuminate/Database/Connection->run('CREATE TRIGGER ...', Array, Object(Closure))
#2 C:/Users/Win11Prem2026Marcius/Desktop/sulinaiv1/vendor/laravel/framework/src/Illuminate/Database/DatabaseManager.php(491): Illuminate/Database/Connection->unprepared('CREATE TRIGGER ...')
#3 C:/Users/Win11Prem2026Marcius/Desktop/sulinaiv1/vendor/laravel/framework/src/Illuminate/Support/Facades/Facade.php(363): Illuminate/Database/DatabaseManager->__call('unprepared', Array)
#4 C:/Users/Win11Prem2026Marcius/Desktop/sulinaiv1/database/migrations/2026_03_29_130850_mig1.php(121): Illuminate/Support/Facades/Facade::__callStatic('unprepared', Array)
#5 C:/Users/Win11Prem2026Marcius/Desktop/sulinaiv1/vendor/laravel/framework/src/Illuminate/Database/Migrations/Migrator.php(517): Illuminate/Database/Migrations/Migration@anonymous->up()
#6 C:/Users/Win11Prem2026Marcius/Desktop/sulinaiv1/vendor/laravel/framework/src/Illuminate/Database/Migrations/Migrator.php(442): Illuminate/Database/Migrations/Migrator->runMethod(Object(Illuminate/Database/MySqlConnection), Object(Illuminate/Database/Migrations/Migration@anonymous), 'up')
#7 C:/Users/Win11Prem2026Marcius/Desktop/sulinaiv1/vendor/laravel/framework/src/Illuminate/Database/Migrations/Migrator.php(451): Illuminate/Database/Migrations/Migrator->Illuminate/Database/Migrations/{closure}()
#8 C:/Users/Win11Prem2026Marcius/Desktop/sulinaiv1/vendor/laravel/framework/src/Illuminate/Database/Migrations/Migrator.php(253): Illuminate/Database/Migrations/Migrator->runMigration(Object(Illuminate/Database/Migrations/Migration@anonymous), 'up')
#9 C:/Users/Win11Prem2026Marcius/Desktop/sulinaiv1/vendor/laravel/framework/src/Illuminate/Console/View/Components/Task.php(41): Illuminate/Database/Migrations/Migrator->Illuminate/Database/Migrations/{closure}()
#10 C:/Users/Win11Prem2026Marcius/Desktop/sulinaiv1/vendor/laravel/framework/src/Illuminate/Database/Migrations/Migrator.php(814): Illuminate/Console/View/Components/Task->render('2026_03_29_1308...', Object(Closure))
#11 C:/Users/Win11Prem2026Marcius/Desktop/sulinaiv1/vendor/laravel/framework/src/Illuminate/Database/Migrations/Migrator.php(253): Illuminate/Database/Migrations/Migrator->write('Illuminate//Cons...', '2026_03_29_1308...', Object(Closure))
#12 C:/Users/Win11Prem2026Marcius/Desktop/sulinaiv1/vendor/laravel/framework/src/Illuminate/Database/Migrations/Migrator.php(211): Illuminate/Database/Migrations/Migrator->runUp('C://Users//Win11P...', 2, false)
#13 C:/Users/Win11Prem2026Marcius/Desktop/sulinaiv1/vendor/laravel/framework/src/Illuminate/Database/Migrations/Migrator.php(138): Illuminate/Database/Migrations/Migrator->runPending(Array, Array)
#14 C:/Users/Win11Prem2026Marcius/Desktop/sulinaiv1/vendor/laravel/framework/src/Illuminate/Database/Console/Migrations/MigrateCommand.php(116): Illuminate/Database/Migrations/Migrator->run(Array, Array)
#15 C:/Users/Win11Prem2026Marcius/Desktop/sulinaiv1/vendor/laravel/framework/src/Illuminate/Database/Migrations/Migrator.php(671): Illuminate/Database/Console/Migrations/MigrateCommand->Illuminate/Database/Console/Migrations/{closure}()
#16 C:/Users/Win11Prem2026Marcius/Desktop/sulinaiv1/vendor/laravel/framework/src/Illuminate/Database/Console/Migrations/MigrateCommand.php(109): Illuminate/Database/Migrations/Migrator->usingConnection(NULL, Object(Closure))
#17 C:/Users/Win11Prem2026Marcius/Desktop/sulinaiv1/vendor/laravel/framework/src/Illuminate/Database/Console/Migrations/MigrateCommand.php(88): Illuminate/Database/Console/Migrations/MigrateCommand->runMigrations()
#18 C:/Users/Win11Prem2026Marcius/Desktop/sulinaiv1/vendor/laravel/framework/src/Illuminate/Container/BoundMethod.php(36): Illuminate/Database/Console/Migrations/MigrateCommand->handle()
#19 C:/Users/Win11Prem2026Marcius/Desktop/sulinaiv1/vendor/laravel/framework/src/Illuminate/Container/Util.php(43): Illuminate/Container/BoundMethod::Illuminate/Container/{closure}()
#20 C:/Users/Win11Prem2026Marcius/Desktop/sulinaiv1/vendor/laravel/framework/src/Illuminate/Container/BoundMethod.php(96): Illuminate/Container/Util::unwrapIfClosure(Object(Closure))
#21 C:/Users/Win11Prem2026Marcius/Desktop/sulinaiv1/vendor/laravel/framework/src/Illuminate/Container/BoundMethod.php(35): Illuminate/Container/BoundMethod::callBoundMethod(Object(Illuminate/Foundation/Application), Array, Object(Closure))
#22 C:/Users/Win11Prem2026Marcius/Desktop/sulinaiv1/vendor/laravel/framework/src/Illuminate/Container/Container.php(799): Illuminate/Container/BoundMethod::call(Object(Illuminate/Foundation/Application), Array, Array, NULL)
#23 C:/Users/Win11Prem2026Marcius/Desktop/sulinaiv1/vendor/laravel/framework/src/Illuminate/Console/Command.php(211): Illuminate/Container/Container->call(Array)
#24 C:/Users/Win11Prem2026Marcius/Desktop/sulinaiv1/vendor/symfony/console/Command/Command.php(341): Illuminate/Console/Command->execute(Object(Symfony/Component/Console/Input/ArgvInput), Object(Illuminate/Console/OutputStyle))
#25 C:/Users/Win11Prem2026Marcius/Desktop/sulinaiv1/vendor/laravel/framework/src/Illuminate/Console/Command.php(180): Symfony/Component/Console/Command/Command->run(Object(Symfony/Component/Console/Input/ArgvInput), Object(Illuminate/Console/OutputStyle))
#26 C:/Users/Win11Prem2026Marcius/Desktop/sulinaiv1/vendor/symfony/console/Application.php(1117): Illuminate/Console/Command->run(Object(Symfony/Component/Console/Input/ArgvInput), Object(Symfony/Component/Console/Output/ConsoleOutput))
#27 C:/Users/Win11Prem2026Marcius/Desktop/sulinaiv1/vendor/symfony/console/Application.php(356): Symfony/Component/Console/Application->doRunCommand(Object(Illuminate/Database/Console/Migrations/MigrateCommand), Object(Symfony/Component/Console/Input/ArgvInput), Object(Symfony/Component/Console/Output/ConsoleOutput))
#28 C:/Users/Win11Prem2026Marcius/Desktop/sulinaiv1/vendor/symfony/console/Application.php(195): Symfony/Component/Console/Application->doRun(Object(Symfony/Component/Console/Input/ArgvInput), Object(Symfony/Component/Console/Output/ConsoleOutput))
#29 C:/Users/Win11Prem2026Marcius/Desktop/sulinaiv1/vendor/laravel/framework/src/Illuminate/Foundation/Console/Kernel.php(198): Symfony/Component/Console/Application->run(Object(Symfony/Component/Console/Input/ArgvInput), Object(Symfony/Component/Console/Output/ConsoleOutput))
#30 C:/Users/Win11Prem2026Marcius/Desktop/sulinaiv1/vendor/laravel/framework/src/Illuminate/Foundation/Application.php(1235): Illuminate/Foundation/Console/Kernel->handle(Object(Symfony/Component/Console/Input/ArgvInput), Object(Symfony/Component/Console/Output/ConsoleOutput))
#31 C:/Users/Win11Prem2026Marcius/Desktop/sulinaiv1/artisan(16): Illuminate/Foundation/Application->handleCommand(Object(Symfony/Component/Console/Input/ArgvInput))
#32 {main}

[previous exception] [object] (PDOException(code: 42000): SQLSTATE[42000]: Syntax error or access violation: 1064 You have an error in your SQL syntax; check the manual that corresponds to your MariaDB server version for the right syntax to use near '' at line 1 at C:/Users/Win11Prem2026Marcius/Desktop/sulinaiv1/vendor/laravel/framework/src/Illuminate/Database/Connection.php:633)
[stacktrace]
#0 C:/Users/Win11Prem2026Marcius/Desktop/sulinaiv1/vendor/laravel/framework/src/Illuminate/Database/Connection.php(633): PDO->exec('CREATE TRIGGER ...')
#1 C:/Users/Win11Prem2026Marcius/Desktop/sulinaiv1/vendor/laravel/framework/src/Illuminate/Database/Connection.php(827): Illuminate/Database/Connection->Illuminate/Database/{closure}('CREATE TRIGGER ...', Array)
#2 C:/Users/Win11Prem2026Marcius/Desktop/sulinaiv1/vendor/laravel/framework/src/Illuminate/Database/Connection.php(794): Illuminate/Database/Connection->runQueryCallback('CREATE TRIGGER ...', Array, Object(Closure))
#3 C:/Users/Win11Prem2026Marcius/Desktop/sulinaiv1/vendor/laravel/framework/src/Illuminate/Database/Connection.php(627): Illuminate/Database/Connection->run('CREATE TRIGGER ...', Array, Object(Closure))
#4 C:/Users/Win11Prem2026Marcius/Desktop/sulinaiv1/vendor/laravel/framework/src/Illuminate/Database/DatabaseManager.php(491): Illuminate/Database/Connection->unprepared('CREATE TRIGGER ...')
#5 C:/Users/Win11Prem2026Marcius/Desktop/sulinaiv1/vendor/laravel/framework/src/Illuminate/Support/Facades/Facade.php(363): Illuminate/Database/DatabaseManager->__call('unprepared', Array)
#6 C:/Users/Win11Prem2026Marcius/Desktop/sulinaiv1/database/migrations/2026_03_29_130850_mig1.php(121): Illuminate/Support/Facades/Facade::__callStatic('unprepared', Array)
#7 C:/Users/Win11Prem2026Marcius/Desktop/sulinaiv1/vendor/laravel/framework/src/Illuminate/Database/Migrations/Migrator.php(517): Illuminate/Database/Migrations/Migration@anonymous->up()
#8 C:/Users/Win11Prem2026Marcius/Desktop/sulinaiv1/vendor/laravel/framework/src/Illuminate/Database/Migrations/Migrator.php(442): Illuminate/Database/Migrations/Migrator->runMethod(Object(Illuminate/Database/MySqlConnection), Object(Illuminate/Database/Migrations/Migration@anonymous), 'up')
#9 C:/Users/Win11Prem2026Marcius/Desktop/sulinaiv1/vendor/laravel/framework/src/Illuminate/Database/Migrations/Migrator.php(451): Illuminate/Database/Migrations/Migrator->Illuminate/Database/Migrations/{closure}()
#10 C:/Users/Win11Prem2026Marcius/Desktop/sulinaiv1/vendor/laravel/framework/src/Illuminate/Database/Migrations/Migrator.php(253): Illuminate/Database/Migrations/Migrator->runMigration(Object(Illuminate/Database/Migrations/Migration@anonymous), 'up')
#11 C:/Users/Win11Prem2026Marcius/Desktop/sulinaiv1/vendor/laravel/framework/src/Illuminate/Console/View/Components/Task.php(41): Illuminate/Database/Migrations/Migrator->Illuminate/Database/Migrations/{closure}()
#12 C:/Users/Win11Prem2026Marcius/Desktop/sulinaiv1/vendor/laravel/framework/src/Illuminate/Database/Migrations/Migrator.php(814): Illuminate/Console/View/Components/Task->render('2026_03_29_1308...', Object(Closure))
#13 C:/Users/Win11Prem2026Marcius/Desktop/sulinaiv1/vendor/laravel/framework/src/Illuminate/Database/Migrations/Migrator.php(253): Illuminate/Database/Migrations/Migrator->write('Illuminate//Cons...', '2026_03_29_1308...', Object(Closure))
#14 C:/Users/Win11Prem2026Marcius/Desktop/sulinaiv1/vendor/laravel/framework/src/Illuminate/Database/Migrations/Migrator.php(211): Illuminate/Database/Migrations/Migrator->runUp('C://Users//Win11P...', 2, false)
#15 C:/Users/Win11Prem2026Marcius/Desktop/sulinaiv1/vendor/laravel/framework/src/Illuminate/Database/Migrations/Migrator.php(138): Illuminate/Database/Migrations/Migrator->runPending(Array, Array)
#16 C:/Users/Win11Prem2026Marcius/Desktop/sulinaiv1/vendor/laravel/framework/src/Illuminate/Database/Console/Migrations/MigrateCommand.php(116): Illuminate/Database/Migrations/Migrator->run(Array, Array)
#17 C:/Users/Win11Prem2026Marcius/Desktop/sulinaiv1/vendor/laravel/framework/src/Illuminate/Database/Migrations/Migrator.php(671): Illuminate/Database/Console/Migrations/MigrateCommand->Illuminate/Database/Console/Migrations/{closure}()
#18 C:/Users/Win11Prem2026Marcius/Desktop/sulinaiv1/vendor/laravel/framework/src/Illuminate/Database/Console/Migrations/MigrateCommand.php(109): Illuminate/Database/Migrations/Migrator->usingConnection(NULL, Object(Closure))
#19 C:/Users/Win11Prem2026Marcius/Desktop/sulinaiv1/vendor/laravel/framework/src/Illuminate/Database/Console/Migrations/MigrateCommand.php(88): Illuminate/Database/Console/Migrations/MigrateCommand->runMigrations()
#20 C:/Users/Win11Prem2026Marcius/Desktop/sulinaiv1/vendor/laravel/framework/src/Illuminate/Container/BoundMethod.php(36): Illuminate/Database/Console/Migrations/MigrateCommand->handle()
#21 C:/Users/Win11Prem2026Marcius/Desktop/sulinaiv1/vendor/laravel/framework/src/Illuminate/Container/Util.php(43): Illuminate/Container/BoundMethod::Illuminate/Container/{closure}()
#22 C:/Users/Win11Prem2026Marcius/Desktop/sulinaiv1/vendor/laravel/framework/src/Illuminate/Container/BoundMethod.php(96): Illuminate/Container/Util::unwrapIfClosure(Object(Closure))
#23 C:/Users/Win11Prem2026Marcius/Desktop/sulinaiv1/vendor/laravel/framework/src/Illuminate/Container/BoundMethod.php(35): Illuminate/Container/BoundMethod::callBoundMethod(Object(Illuminate/Foundation/Application), Array, Object(Closure))
#24 C:/Users/Win11Prem2026Marcius/Desktop/sulinaiv1/vendor/laravel/framework/src/Illuminate/Container/Container.php(799): Illuminate/Container/BoundMethod::call(Object(Illuminate/Foundation/Application), Array, Array, NULL)
#25 C:/Users/Win11Prem2026Marcius/Desktop/sulinaiv1/vendor/laravel/framework/src/Illuminate/Console/Command.php(211): Illuminate/Container/Container->call(Array)
#26 C:/Users/Win11Prem2026Marcius/Desktop/sulinaiv1/vendor/symfony/console/Command/Command.php(341): Illuminate/Console/Command->execute(Object(Symfony/Component/Console/Input/ArgvInput), Object(Illuminate/Console/OutputStyle))
#27 C:/Users/Win11Prem2026Marcius/Desktop/sulinaiv1/vendor/laravel/framework/src/Illuminate/Console/Command.php(180): Symfony/Component/Console/Command/Command->run(Object(Symfony/Component/Console/Input/ArgvInput), Object(Illuminate/Console/OutputStyle))
#28 C:/Users/Win11Prem2026Marcius/Desktop/sulinaiv1/vendor/symfony/console/Application.php(1117): Illuminate/Console/Command->run(Object(Symfony/Component/Console/Input/ArgvInput), Object(Symfony/Component/Console/Output/ConsoleOutput))
#29 C:/Users/Win11Prem2026Marcius/Desktop/sulinaiv1/vendor/symfony/console/Application.php(356): Symfony/Component/Console/Application->doRunCommand(Object(Illuminate/Database/Console/Migrations/MigrateCommand), Object(Symfony/Component/Console/Input/ArgvInput), Object(Symfony/Component/Console/Output/ConsoleOutput))
#30 C:/Users/Win11Prem2026Marcius/Desktop/sulinaiv1/vendor/symfony/console/Application.php(195): Symfony/Component/Console/Application->doRun(Object(Symfony/Component/Console/Input/ArgvInput), Object(Symfony/Component/Console/Output/ConsoleOutput))
#31 C:/Users/Win11Prem2026Marcius/Desktop/sulinaiv1/vendor/laravel/framework/src/Illuminate/Foundation/Console/Kernel.php(198): Symfony/Component/Console/Application->run(Object(Symfony/Component/Console/Input/ArgvInput), Object(Symfony/Component/Console/Output/ConsoleOutput))
#32 C:/Users/Win11Prem2026Marcius/Desktop/sulinaiv1/vendor/laravel/framework/src/Illuminate/Foundation/Application.php(1235): Illuminate/Foundation/Console/Kernel->handle(Object(Symfony/Component/Console/Input/ArgvInput), Object(Symfony/Component/Console/Output/ConsoleOutput))
#33 C:/Users/Win11Prem2026Marcius/Desktop/sulinaiv1/artisan(16): Illuminate/Foundation/Application->handleCommand(Object(Symfony/Component/Console/Input/ArgvInput))
#34 {main}
"} 
[2026-04-09 18:54:01] local.ERROR: SQLSTATE[42000]: Syntax error or access violation: 1064 You have an error in your SQL syntax; check the manual that corresponds to your MariaDB server version for the right syntax to use near 'AS  IF ( (NEW.validalte=1 | NEW.validalte=TRUE) & ((SELECT lejatszhatoe from ...' at line 1 (Connection: mysql, Host: 127.0.0.1, Port: 3306, Database: suliradionaiv, SQL:  CREATE TRIGGER IF NOT EXISTS zenebekeresfeltoltesorarendbe AFTER INSERT on keres FOR EACH ROW  AS  IF ( (NEW.validalte=1 | NEW.validalte=TRUE) & ((SELECT lejatszhatoe from zene where id like NEW.zeneid LIMIT 1 ) IN (TRUE,1))) THEN INSERT INTO orarend (zeneid,mikortol,meddig) VALUES (NEW.zeneid,select meddig from orarend ORDER BY mikortol DESC LIMIT 1,
        select TIMESTAMPADD(SECOND,select hossz from zene where id like NEW.zeneid, SELECT meddig from orarend ORDER BY mikortol  DESC LIMIT 1));END IF;) {"exception":"[object] (Illuminate\\Database\\QueryException(code: 42000): SQLSTATE[42000]: Syntax error or access violation: 1064 You have an error in your SQL syntax; check the manual that corresponds to your MariaDB server version for the right syntax to use near 'AS  IF ( (NEW.validalte=1 | NEW.validalte=TRUE) & ((SELECT lejatszhatoe from ...' at line 1 (Connection: mysql, Host: 127.0.0.1, Port: 3306, Database: suliradionaiv, SQL:  CREATE TRIGGER IF NOT EXISTS zenebekeresfeltoltesorarendbe AFTER INSERT on keres FOR EACH ROW  AS  IF ( (NEW.validalte=1 | NEW.validalte=TRUE) & ((SELECT lejatszhatoe from zene where id like NEW.zeneid LIMIT 1 ) IN (TRUE,1))) THEN INSERT INTO orarend (zeneid,mikortol,meddig) VALUES (NEW.zeneid,select meddig from orarend ORDER BY mikortol DESC LIMIT 1,
        select TIMESTAMPADD(SECOND,select hossz from zene where id like NEW.zeneid, SELECT meddig from orarend ORDER BY mikortol  DESC LIMIT 1));END IF;) at C:/Users/Win11Prem2026Marcius/Desktop/sulinaiv1/vendor/laravel/framework/src/Illuminate/Database/Connection.php:838)
[stacktrace]
#0 C:/Users/Win11Prem2026Marcius/Desktop/sulinaiv1/vendor/laravel/framework/src/Illuminate/Database/Connection.php(794): Illuminate/Database/Connection->runQueryCallback(' CREATE TRIGGER...', Array, Object(Closure))
#1 C:/Users/Win11Prem2026Marcius/Desktop/sulinaiv1/vendor/laravel/framework/src/Illuminate/Database/Connection.php(627): Illuminate/Database/Connection->run(' CREATE TRIGGER...', Array, Object(Closure))
#2 C:/Users/Win11Prem2026Marcius/Desktop/sulinaiv1/vendor/laravel/framework/src/Illuminate/Database/DatabaseManager.php(491): Illuminate/Database/Connection->unprepared(' CREATE TRIGGER...')
#3 C:/Users/Win11Prem2026Marcius/Desktop/sulinaiv1/vendor/laravel/framework/src/Illuminate/Support/Facades/Facade.php(363): Illuminate/Database/DatabaseManager->__call('unprepared', Array)
#4 C:/Users/Win11Prem2026Marcius/Desktop/sulinaiv1/database/migrations/2026_03_29_130850_mig1.php(127): Illuminate/Support/Facades/Facade::__callStatic('unprepared', Array)
#5 C:/Users/Win11Prem2026Marcius/Desktop/sulinaiv1/vendor/laravel/framework/src/Illuminate/Database/Migrations/Migrator.php(517): Illuminate/Database/Migrations/Migration@anonymous->up()
#6 C:/Users/Win11Prem2026Marcius/Desktop/sulinaiv1/vendor/laravel/framework/src/Illuminate/Database/Migrations/Migrator.php(442): Illuminate/Database/Migrations/Migrator->runMethod(Object(Illuminate/Database/MySqlConnection), Object(Illuminate/Database/Migrations/Migration@anonymous), 'up')
#7 C:/Users/Win11Prem2026Marcius/Desktop/sulinaiv1/vendor/laravel/framework/src/Illuminate/Database/Migrations/Migrator.php(451): Illuminate/Database/Migrations/Migrator->Illuminate/Database/Migrations/{closure}()
#8 C:/Users/Win11Prem2026Marcius/Desktop/sulinaiv1/vendor/laravel/framework/src/Illuminate/Database/Migrations/Migrator.php(253): Illuminate/Database/Migrations/Migrator->runMigration(Object(Illuminate/Database/Migrations/Migration@anonymous), 'up')
#9 C:/Users/Win11Prem2026Marcius/Desktop/sulinaiv1/vendor/laravel/framework/src/Illuminate/Console/View/Components/Task.php(41): Illuminate/Database/Migrations/Migrator->Illuminate/Database/Migrations/{closure}()
#10 C:/Users/Win11Prem2026Marcius/Desktop/sulinaiv1/vendor/laravel/framework/src/Illuminate/Database/Migrations/Migrator.php(814): Illuminate/Console/View/Components/Task->render('2026_03_29_1308...', Object(Closure))
#11 C:/Users/Win11Prem2026Marcius/Desktop/sulinaiv1/vendor/laravel/framework/src/Illuminate/Database/Migrations/Migrator.php(253): Illuminate/Database/Migrations/Migrator->write('Illuminate//Cons...', '2026_03_29_1308...', Object(Closure))
#12 C:/Users/Win11Prem2026Marcius/Desktop/sulinaiv1/vendor/laravel/framework/src/Illuminate/Database/Migrations/Migrator.php(211): Illuminate/Database/Migrations/Migrator->runUp('C://Users//Win11P...', 2, false)
#13 C:/Users/Win11Prem2026Marcius/Desktop/sulinaiv1/vendor/laravel/framework/src/Illuminate/Database/Migrations/Migrator.php(138): Illuminate/Database/Migrations/Migrator->runPending(Array, Array)
#14 C:/Users/Win11Prem2026Marcius/Desktop/sulinaiv1/vendor/laravel/framework/src/Illuminate/Database/Console/Migrations/MigrateCommand.php(116): Illuminate/Database/Migrations/Migrator->run(Array, Array)
#15 C:/Users/Win11Prem2026Marcius/Desktop/sulinaiv1/vendor/laravel/framework/src/Illuminate/Database/Migrations/Migrator.php(671): Illuminate/Database/Console/Migrations/MigrateCommand->Illuminate/Database/Console/Migrations/{closure}()
#16 C:/Users/Win11Prem2026Marcius/Desktop/sulinaiv1/vendor/laravel/framework/src/Illuminate/Database/Console/Migrations/MigrateCommand.php(109): Illuminate/Database/Migrations/Migrator->usingConnection(NULL, Object(Closure))
#17 C:/Users/Win11Prem2026Marcius/Desktop/sulinaiv1/vendor/laravel/framework/src/Illuminate/Database/Console/Migrations/MigrateCommand.php(88): Illuminate/Database/Console/Migrations/MigrateCommand->runMigrations()
#18 C:/Users/Win11Prem2026Marcius/Desktop/sulinaiv1/vendor/laravel/framework/src/Illuminate/Container/BoundMethod.php(36): Illuminate/Database/Console/Migrations/MigrateCommand->handle()
#19 C:/Users/Win11Prem2026Marcius/Desktop/sulinaiv1/vendor/laravel/framework/src/Illuminate/Container/Util.php(43): Illuminate/Container/BoundMethod::Illuminate/Container/{closure}()
#20 C:/Users/Win11Prem2026Marcius/Desktop/sulinaiv1/vendor/laravel/framework/src/Illuminate/Container/BoundMethod.php(96): Illuminate/Container/Util::unwrapIfClosure(Object(Closure))
#21 C:/Users/Win11Prem2026Marcius/Desktop/sulinaiv1/vendor/laravel/framework/src/Illuminate/Container/BoundMethod.php(35): Illuminate/Container/BoundMethod::callBoundMethod(Object(Illuminate/Foundation/Application), Array, Object(Closure))
#22 C:/Users/Win11Prem2026Marcius/Desktop/sulinaiv1/vendor/laravel/framework/src/Illuminate/Container/Container.php(799): Illuminate/Container/BoundMethod::call(Object(Illuminate/Foundation/Application), Array, Array, NULL)
#23 C:/Users/Win11Prem2026Marcius/Desktop/sulinaiv1/vendor/laravel/framework/src/Illuminate/Console/Command.php(211): Illuminate/Container/Container->call(Array)
#24 C:/Users/Win11Prem2026Marcius/Desktop/sulinaiv1/vendor/symfony/console/Command/Command.php(341): Illuminate/Console/Command->execute(Object(Symfony/Component/Console/Input/ArgvInput), Object(Illuminate/Console/OutputStyle))
#25 C:/Users/Win11Prem2026Marcius/Desktop/sulinaiv1/vendor/laravel/framework/src/Illuminate/Console/Command.php(180): Symfony/Component/Console/Command/Command->run(Object(Symfony/Component/Console/Input/ArgvInput), Object(Illuminate/Console/OutputStyle))
#26 C:/Users/Win11Prem2026Marcius/Desktop/sulinaiv1/vendor/symfony/console/Application.php(1117): Illuminate/Console/Command->run(Object(Symfony/Component/Console/Input/ArgvInput), Object(Symfony/Component/Console/Output/ConsoleOutput))
#27 C:/Users/Win11Prem2026Marcius/Desktop/sulinaiv1/vendor/symfony/console/Application.php(356): Symfony/Component/Console/Application->doRunCommand(Object(Illuminate/Database/Console/Migrations/MigrateCommand), Object(Symfony/Component/Console/Input/ArgvInput), Object(Symfony/Component/Console/Output/ConsoleOutput))
#28 C:/Users/Win11Prem2026Marcius/Desktop/sulinaiv1/vendor/symfony/console/Application.php(195): Symfony/Component/Console/Application->doRun(Object(Symfony/Component/Console/Input/ArgvInput), Object(Symfony/Component/Console/Output/ConsoleOutput))
#29 C:/Users/Win11Prem2026Marcius/Desktop/sulinaiv1/vendor/laravel/framework/src/Illuminate/Foundation/Console/Kernel.php(198): Symfony/Component/Console/Application->run(Object(Symfony/Component/Console/Input/ArgvInput), Object(Symfony/Component/Console/Output/ConsoleOutput))
#30 C:/Users/Win11Prem2026Marcius/Desktop/sulinaiv1/vendor/laravel/framework/src/Illuminate/Foundation/Application.php(1235): Illuminate/Foundation/Console/Kernel->handle(Object(Symfony/Component/Console/Input/ArgvInput), Object(Symfony/Component/Console/Output/ConsoleOutput))
#31 C:/Users/Win11Prem2026Marcius/Desktop/sulinaiv1/artisan(16): Illuminate/Foundation/Application->handleCommand(Object(Symfony/Component/Console/Input/ArgvInput))
#32 {main}

[previous exception] [object] (PDOException(code: 42000): SQLSTATE[42000]: Syntax error or access violation: 1064 You have an error in your SQL syntax; check the manual that corresponds to your MariaDB server version for the right syntax to use near 'AS  IF ( (NEW.validalte=1 | NEW.validalte=TRUE) & ((SELECT lejatszhatoe from ...' at line 1 at C:/Users/Win11Prem2026Marcius/Desktop/sulinaiv1/vendor/laravel/framework/src/Illuminate/Database/Connection.php:633)
[stacktrace]
#0 C:/Users/Win11Prem2026Marcius/Desktop/sulinaiv1/vendor/laravel/framework/src/Illuminate/Database/Connection.php(633): PDO->exec(' CREATE TRIGGER...')
#1 C:/Users/Win11Prem2026Marcius/Desktop/sulinaiv1/vendor/laravel/framework/src/Illuminate/Database/Connection.php(827): Illuminate/Database/Connection->Illuminate/Database/{closure}(' CREATE TRIGGER...', Array)
#2 C:/Users/Win11Prem2026Marcius/Desktop/sulinaiv1/vendor/laravel/framework/src/Illuminate/Database/Connection.php(794): Illuminate/Database/Connection->runQueryCallback(' CREATE TRIGGER...', Array, Object(Closure))
#3 C:/Users/Win11Prem2026Marcius/Desktop/sulinaiv1/vendor/laravel/framework/src/Illuminate/Database/Connection.php(627): Illuminate/Database/Connection->run(' CREATE TRIGGER...', Array, Object(Closure))
#4 C:/Users/Win11Prem2026Marcius/Desktop/sulinaiv1/vendor/laravel/framework/src/Illuminate/Database/DatabaseManager.php(491): Illuminate/Database/Connection->unprepared(' CREATE TRIGGER...')
#5 C:/Users/Win11Prem2026Marcius/Desktop/sulinaiv1/vendor/laravel/framework/src/Illuminate/Support/Facades/Facade.php(363): Illuminate/Database/DatabaseManager->__call('unprepared', Array)
#6 C:/Users/Win11Prem2026Marcius/Desktop/sulinaiv1/database/migrations/2026_03_29_130850_mig1.php(127): Illuminate/Support/Facades/Facade::__callStatic('unprepared', Array)
#7 C:/Users/Win11Prem2026Marcius/Desktop/sulinaiv1/vendor/laravel/framework/src/Illuminate/Database/Migrations/Migrator.php(517): Illuminate/Database/Migrations/Migration@anonymous->up()
#8 C:/Users/Win11Prem2026Marcius/Desktop/sulinaiv1/vendor/laravel/framework/src/Illuminate/Database/Migrations/Migrator.php(442): Illuminate/Database/Migrations/Migrator->runMethod(Object(Illuminate/Database/MySqlConnection), Object(Illuminate/Database/Migrations/Migration@anonymous), 'up')
#9 C:/Users/Win11Prem2026Marcius/Desktop/sulinaiv1/vendor/laravel/framework/src/Illuminate/Database/Migrations/Migrator.php(451): Illuminate/Database/Migrations/Migrator->Illuminate/Database/Migrations/{closure}()
#10 C:/Users/Win11Prem2026Marcius/Desktop/sulinaiv1/vendor/laravel/framework/src/Illuminate/Database/Migrations/Migrator.php(253): Illuminate/Database/Migrations/Migrator->runMigration(Object(Illuminate/Database/Migrations/Migration@anonymous), 'up')
#11 C:/Users/Win11Prem2026Marcius/Desktop/sulinaiv1/vendor/laravel/framework/src/Illuminate/Console/View/Components/Task.php(41): Illuminate/Database/Migrations/Migrator->Illuminate/Database/Migrations/{closure}()
#12 C:/Users/Win11Prem2026Marcius/Desktop/sulinaiv1/vendor/laravel/framework/src/Illuminate/Database/Migrations/Migrator.php(814): Illuminate/Console/View/Components/Task->render('2026_03_29_1308...', Object(Closure))
#13 C:/Users/Win11Prem2026Marcius/Desktop/sulinaiv1/vendor/laravel/framework/src/Illuminate/Database/Migrations/Migrator.php(253): Illuminate/Database/Migrations/Migrator->write('Illuminate//Cons...', '2026_03_29_1308...', Object(Closure))
#14 C:/Users/Win11Prem2026Marcius/Desktop/sulinaiv1/vendor/laravel/framework/src/Illuminate/Database/Migrations/Migrator.php(211): Illuminate/Database/Migrations/Migrator->runUp('C://Users//Win11P...', 2, false)
#15 C:/Users/Win11Prem2026Marcius/Desktop/sulinaiv1/vendor/laravel/framework/src/Illuminate/Database/Migrations/Migrator.php(138): Illuminate/Database/Migrations/Migrator->runPending(Array, Array)
#16 C:/Users/Win11Prem2026Marcius/Desktop/sulinaiv1/vendor/laravel/framework/src/Illuminate/Database/Console/Migrations/MigrateCommand.php(116): Illuminate/Database/Migrations/Migrator->run(Array, Array)
#17 C:/Users/Win11Prem2026Marcius/Desktop/sulinaiv1/vendor/laravel/framework/src/Illuminate/Database/Migrations/Migrator.php(671): Illuminate/Database/Console/Migrations/MigrateCommand->Illuminate/Database/Console/Migrations/{closure}()
#18 C:/Users/Win11Prem2026Marcius/Desktop/sulinaiv1/vendor/laravel/framework/src/Illuminate/Database/Console/Migrations/MigrateCommand.php(109): Illuminate/Database/Migrations/Migrator->usingConnection(NULL, Object(Closure))
#19 C:/Users/Win11Prem2026Marcius/Desktop/sulinaiv1/vendor/laravel/framework/src/Illuminate/Database/Console/Migrations/MigrateCommand.php(88): Illuminate/Database/Console/Migrations/MigrateCommand->runMigrations()
#20 C:/Users/Win11Prem2026Marcius/Desktop/sulinaiv1/vendor/laravel/framework/src/Illuminate/Container/BoundMethod.php(36): Illuminate/Database/Console/Migrations/MigrateCommand->handle()
#21 C:/Users/Win11Prem2026Marcius/Desktop/sulinaiv1/vendor/laravel/framework/src/Illuminate/Container/Util.php(43): Illuminate/Container/BoundMethod::Illuminate/Container/{closure}()
#22 C:/Users/Win11Prem2026Marcius/Desktop/sulinaiv1/vendor/laravel/framework/src/Illuminate/Container/BoundMethod.php(96): Illuminate/Container/Util::unwrapIfClosure(Object(Closure))
#23 C:/Users/Win11Prem2026Marcius/Desktop/sulinaiv1/vendor/laravel/framework/src/Illuminate/Container/BoundMethod.php(35): Illuminate/Container/BoundMethod::callBoundMethod(Object(Illuminate/Foundation/Application), Array, Object(Closure))
#24 C:/Users/Win11Prem2026Marcius/Desktop/sulinaiv1/vendor/laravel/framework/src/Illuminate/Container/Container.php(799): Illuminate/Container/BoundMethod::call(Object(Illuminate/Foundation/Application), Array, Array, NULL)
#25 C:/Users/Win11Prem2026Marcius/Desktop/sulinaiv1/vendor/laravel/framework/src/Illuminate/Console/Command.php(211): Illuminate/Container/Container->call(Array)
#26 C:/Users/Win11Prem2026Marcius/Desktop/sulinaiv1/vendor/symfony/console/Command/Command.php(341): Illuminate/Console/Command->execute(Object(Symfony/Component/Console/Input/ArgvInput), Object(Illuminate/Console/OutputStyle))
#27 C:/Users/Win11Prem2026Marcius/Desktop/sulinaiv1/vendor/laravel/framework/src/Illuminate/Console/Command.php(180): Symfony/Component/Console/Command/Command->run(Object(Symfony/Component/Console/Input/ArgvInput), Object(Illuminate/Console/OutputStyle))
#28 C:/Users/Win11Prem2026Marcius/Desktop/sulinaiv1/vendor/symfony/console/Application.php(1117): Illuminate/Console/Command->run(Object(Symfony/Component/Console/Input/ArgvInput), Object(Symfony/Component/Console/Output/ConsoleOutput))
#29 C:/Users/Win11Prem2026Marcius/Desktop/sulinaiv1/vendor/symfony/console/Application.php(356): Symfony/Component/Console/Application->doRunCommand(Object(Illuminate/Database/Console/Migrations/MigrateCommand), Object(Symfony/Component/Console/Input/ArgvInput), Object(Symfony/Component/Console/Output/ConsoleOutput))
#30 C:/Users/Win11Prem2026Marcius/Desktop/sulinaiv1/vendor/symfony/console/Application.php(195): Symfony/Component/Console/Application->doRun(Object(Symfony/Component/Console/Input/ArgvInput), Object(Symfony/Component/Console/Output/ConsoleOutput))
#31 C:/Users/Win11Prem2026Marcius/Desktop/sulinaiv1/vendor/laravel/framework/src/Illuminate/Foundation/Console/Kernel.php(198): Symfony/Component/Console/Application->run(Object(Symfony/Component/Console/Input/ArgvInput), Object(Symfony/Component/Console/Output/ConsoleOutput))
#32 C:/Users/Win11Prem2026Marcius/Desktop/sulinaiv1/vendor/laravel/framework/src/Illuminate/Foundation/Application.php(1235): Illuminate/Foundation/Console/Kernel->handle(Object(Symfony/Component/Console/Input/ArgvInput), Object(Symfony/Component/Console/Output/ConsoleOutput))
#33 C:/Users/Win11Prem2026Marcius/Desktop/sulinaiv1/artisan(16): Illuminate/Foundation/Application->handleCommand(Object(Symfony/Component/Console/Input/ArgvInput))
#34 {main}
"} 
[2026-04-09 18:56:15] local.ERROR: SQLSTATE[42000]: Syntax error or access violation: 1064 You have an error in your SQL syntax; check the manual that corresponds to your MariaDB server version for the right syntax to use near 'AS  IF ( (NEW.validalte=1 | NEW.validalte=TRUE) && ((SELECT lejatszhatoe from...' at line 1 (Connection: mysql, Host: 127.0.0.1, Port: 3306, Database: suliradionaiv, SQL:  CREATE TRIGGER IF NOT EXISTS zenebekeresfeltoltesorarendbe AFTER INSERT on keres FOR EACH ROW  AS  IF ( (NEW.validalte=1 | NEW.validalte=TRUE) && ((SELECT lejatszhatoe from zene where id like NEW.zeneid LIMIT 1 ) IN (TRUE,1))) THEN INSERT INTO orarend (zeneid,mikortol,meddig) VALUES (NEW.zeneid,select meddig from orarend ORDER BY mikortol DESC LIMIT 1,
        select TIMESTAMPADD(SECOND,select hossz from zene where id like NEW.zeneid, SELECT meddig from orarend ORDER BY mikortol  DESC LIMIT 1));END IF;) {"exception":"[object] (Illuminate\\Database\\QueryException(code: 42000): SQLSTATE[42000]: Syntax error or access violation: 1064 You have an error in your SQL syntax; check the manual that corresponds to your MariaDB server version for the right syntax to use near 'AS  IF ( (NEW.validalte=1 | NEW.validalte=TRUE) && ((SELECT lejatszhatoe from...' at line 1 (Connection: mysql, Host: 127.0.0.1, Port: 3306, Database: suliradionaiv, SQL:  CREATE TRIGGER IF NOT EXISTS zenebekeresfeltoltesorarendbe AFTER INSERT on keres FOR EACH ROW  AS  IF ( (NEW.validalte=1 | NEW.validalte=TRUE) && ((SELECT lejatszhatoe from zene where id like NEW.zeneid LIMIT 1 ) IN (TRUE,1))) THEN INSERT INTO orarend (zeneid,mikortol,meddig) VALUES (NEW.zeneid,select meddig from orarend ORDER BY mikortol DESC LIMIT 1,
        select TIMESTAMPADD(SECOND,select hossz from zene where id like NEW.zeneid, SELECT meddig from orarend ORDER BY mikortol  DESC LIMIT 1));END IF;) at C:/Users/Win11Prem2026Marcius/Desktop/sulinaiv1/vendor/laravel/framework/src/Illuminate/Database/Connection.php:838)
[stacktrace]
#0 C:/Users/Win11Prem2026Marcius/Desktop/sulinaiv1/vendor/laravel/framework/src/Illuminate/Database/Connection.php(794): Illuminate/Database/Connection->runQueryCallback(' CREATE TRIGGER...', Array, Object(Closure))
#1 C:/Users/Win11Prem2026Marcius/Desktop/sulinaiv1/vendor/laravel/framework/src/Illuminate/Database/Connection.php(627): Illuminate/Database/Connection->run(' CREATE TRIGGER...', Array, Object(Closure))
#2 C:/Users/Win11Prem2026Marcius/Desktop/sulinaiv1/vendor/laravel/framework/src/Illuminate/Database/DatabaseManager.php(491): Illuminate/Database/Connection->unprepared(' CREATE TRIGGER...')
#3 C:/Users/Win11Prem2026Marcius/Desktop/sulinaiv1/vendor/laravel/framework/src/Illuminate/Support/Facades/Facade.php(363): Illuminate/Database/DatabaseManager->__call('unprepared', Array)
#4 C:/Users/Win11Prem2026Marcius/Desktop/sulinaiv1/database/migrations/2026_03_29_130850_mig1.php(127): Illuminate/Support/Facades/Facade::__callStatic('unprepared', Array)
#5 C:/Users/Win11Prem2026Marcius/Desktop/sulinaiv1/vendor/laravel/framework/src/Illuminate/Database/Migrations/Migrator.php(517): Illuminate/Database/Migrations/Migration@anonymous->up()
#6 C:/Users/Win11Prem2026Marcius/Desktop/sulinaiv1/vendor/laravel/framework/src/Illuminate/Database/Migrations/Migrator.php(442): Illuminate/Database/Migrations/Migrator->runMethod(Object(Illuminate/Database/MySqlConnection), Object(Illuminate/Database/Migrations/Migration@anonymous), 'up')
#7 C:/Users/Win11Prem2026Marcius/Desktop/sulinaiv1/vendor/laravel/framework/src/Illuminate/Database/Migrations/Migrator.php(451): Illuminate/Database/Migrations/Migrator->Illuminate/Database/Migrations/{closure}()
#8 C:/Users/Win11Prem2026Marcius/Desktop/sulinaiv1/vendor/laravel/framework/src/Illuminate/Database/Migrations/Migrator.php(253): Illuminate/Database/Migrations/Migrator->runMigration(Object(Illuminate/Database/Migrations/Migration@anonymous), 'up')
#9 C:/Users/Win11Prem2026Marcius/Desktop/sulinaiv1/vendor/laravel/framework/src/Illuminate/Console/View/Components/Task.php(41): Illuminate/Database/Migrations/Migrator->Illuminate/Database/Migrations/{closure}()
#10 C:/Users/Win11Prem2026Marcius/Desktop/sulinaiv1/vendor/laravel/framework/src/Illuminate/Database/Migrations/Migrator.php(814): Illuminate/Console/View/Components/Task->render('2026_03_29_1308...', Object(Closure))
#11 C:/Users/Win11Prem2026Marcius/Desktop/sulinaiv1/vendor/laravel/framework/src/Illuminate/Database/Migrations/Migrator.php(253): Illuminate/Database/Migrations/Migrator->write('Illuminate//Cons...', '2026_03_29_1308...', Object(Closure))
#12 C:/Users/Win11Prem2026Marcius/Desktop/sulinaiv1/vendor/laravel/framework/src/Illuminate/Database/Migrations/Migrator.php(211): Illuminate/Database/Migrations/Migrator->runUp('C://Users//Win11P...', 2, false)
#13 C:/Users/Win11Prem2026Marcius/Desktop/sulinaiv1/vendor/laravel/framework/src/Illuminate/Database/Migrations/Migrator.php(138): Illuminate/Database/Migrations/Migrator->runPending(Array, Array)
#14 C:/Users/Win11Prem2026Marcius/Desktop/sulinaiv1/vendor/laravel/framework/src/Illuminate/Database/Console/Migrations/MigrateCommand.php(116): Illuminate/Database/Migrations/Migrator->run(Array, Array)
#15 C:/Users/Win11Prem2026Marcius/Desktop/sulinaiv1/vendor/laravel/framework/src/Illuminate/Database/Migrations/Migrator.php(671): Illuminate/Database/Console/Migrations/MigrateCommand->Illuminate/Database/Console/Migrations/{closure}()
#16 C:/Users/Win11Prem2026Marcius/Desktop/sulinaiv1/vendor/laravel/framework/src/Illuminate/Database/Console/Migrations/MigrateCommand.php(109): Illuminate/Database/Migrations/Migrator->usingConnection(NULL, Object(Closure))
#17 C:/Users/Win11Prem2026Marcius/Desktop/sulinaiv1/vendor/laravel/framework/src/Illuminate/Database/Console/Migrations/MigrateCommand.php(88): Illuminate/Database/Console/Migrations/MigrateCommand->runMigrations()
#18 C:/Users/Win11Prem2026Marcius/Desktop/sulinaiv1/vendor/laravel/framework/src/Illuminate/Container/BoundMethod.php(36): Illuminate/Database/Console/Migrations/MigrateCommand->handle()
#19 C:/Users/Win11Prem2026Marcius/Desktop/sulinaiv1/vendor/laravel/framework/src/Illuminate/Container/Util.php(43): Illuminate/Container/BoundMethod::Illuminate/Container/{closure}()
#20 C:/Users/Win11Prem2026Marcius/Desktop/sulinaiv1/vendor/laravel/framework/src/Illuminate/Container/BoundMethod.php(96): Illuminate/Container/Util::unwrapIfClosure(Object(Closure))
#21 C:/Users/Win11Prem2026Marcius/Desktop/sulinaiv1/vendor/laravel/framework/src/Illuminate/Container/BoundMethod.php(35): Illuminate/Container/BoundMethod::callBoundMethod(Object(Illuminate/Foundation/Application), Array, Object(Closure))
#22 C:/Users/Win11Prem2026Marcius/Desktop/sulinaiv1/vendor/laravel/framework/src/Illuminate/Container/Container.php(799): Illuminate/Container/BoundMethod::call(Object(Illuminate/Foundation/Application), Array, Array, NULL)
#23 C:/Users/Win11Prem2026Marcius/Desktop/sulinaiv1/vendor/laravel/framework/src/Illuminate/Console/Command.php(211): Illuminate/Container/Container->call(Array)
#24 C:/Users/Win11Prem2026Marcius/Desktop/sulinaiv1/vendor/symfony/console/Command/Command.php(341): Illuminate/Console/Command->execute(Object(Symfony/Component/Console/Input/ArgvInput), Object(Illuminate/Console/OutputStyle))
#25 C:/Users/Win11Prem2026Marcius/Desktop/sulinaiv1/vendor/laravel/framework/src/Illuminate/Console/Command.php(180): Symfony/Component/Console/Command/Command->run(Object(Symfony/Component/Console/Input/ArgvInput), Object(Illuminate/Console/OutputStyle))
#26 C:/Users/Win11Prem2026Marcius/Desktop/sulinaiv1/vendor/symfony/console/Application.php(1117): Illuminate/Console/Command->run(Object(Symfony/Component/Console/Input/ArgvInput), Object(Symfony/Component/Console/Output/ConsoleOutput))
#27 C:/Users/Win11Prem2026Marcius/Desktop/sulinaiv1/vendor/symfony/console/Application.php(356): Symfony/Component/Console/Application->doRunCommand(Object(Illuminate/Database/Console/Migrations/MigrateCommand), Object(Symfony/Component/Console/Input/ArgvInput), Object(Symfony/Component/Console/Output/ConsoleOutput))
#28 C:/Users/Win11Prem2026Marcius/Desktop/sulinaiv1/vendor/symfony/console/Application.php(195): Symfony/Component/Console/Application->doRun(Object(Symfony/Component/Console/Input/ArgvInput), Object(Symfony/Component/Console/Output/ConsoleOutput))
#29 C:/Users/Win11Prem2026Marcius/Desktop/sulinaiv1/vendor/laravel/framework/src/Illuminate/Foundation/Console/Kernel.php(198): Symfony/Component/Console/Application->run(Object(Symfony/Component/Console/Input/ArgvInput), Object(Symfony/Component/Console/Output/ConsoleOutput))
#30 C:/Users/Win11Prem2026Marcius/Desktop/sulinaiv1/vendor/laravel/framework/src/Illuminate/Foundation/Application.php(1235): Illuminate/Foundation/Console/Kernel->handle(Object(Symfony/Component/Console/Input/ArgvInput), Object(Symfony/Component/Console/Output/ConsoleOutput))
#31 C:/Users/Win11Prem2026Marcius/Desktop/sulinaiv1/artisan(16): Illuminate/Foundation/Application->handleCommand(Object(Symfony/Component/Console/Input/ArgvInput))
#32 {main}

[previous exception] [object] (PDOException(code: 42000): SQLSTATE[42000]: Syntax error or access violation: 1064 You have an error in your SQL syntax; check the manual that corresponds to your MariaDB server version for the right syntax to use near 'AS  IF ( (NEW.validalte=1 | NEW.validalte=TRUE) && ((SELECT lejatszhatoe from...' at line 1 at C:/Users/Win11Prem2026Marcius/Desktop/sulinaiv1/vendor/laravel/framework/src/Illuminate/Database/Connection.php:633)
[stacktrace]
#0 C:/Users/Win11Prem2026Marcius/Desktop/sulinaiv1/vendor/laravel/framework/src/Illuminate/Database/Connection.php(633): PDO->exec(' CREATE TRIGGER...')
#1 C:/Users/Win11Prem2026Marcius/Desktop/sulinaiv1/vendor/laravel/framework/src/Illuminate/Database/Connection.php(827): Illuminate/Database/Connection->Illuminate/Database/{closure}(' CREATE TRIGGER...', Array)
#2 C:/Users/Win11Prem2026Marcius/Desktop/sulinaiv1/vendor/laravel/framework/src/Illuminate/Database/Connection.php(794): Illuminate/Database/Connection->runQueryCallback(' CREATE TRIGGER...', Array, Object(Closure))
#3 C:/Users/Win11Prem2026Marcius/Desktop/sulinaiv1/vendor/laravel/framework/src/Illuminate/Database/Connection.php(627): Illuminate/Database/Connection->run(' CREATE TRIGGER...', Array, Object(Closure))
#4 C:/Users/Win11Prem2026Marcius/Desktop/sulinaiv1/vendor/laravel/framework/src/Illuminate/Database/DatabaseManager.php(491): Illuminate/Database/Connection->unprepared(' CREATE TRIGGER...')
#5 C:/Users/Win11Prem2026Marcius/Desktop/sulinaiv1/vendor/laravel/framework/src/Illuminate/Support/Facades/Facade.php(363): Illuminate/Database/DatabaseManager->__call('unprepared', Array)
#6 C:/Users/Win11Prem2026Marcius/Desktop/sulinaiv1/database/migrations/2026_03_29_130850_mig1.php(127): Illuminate/Support/Facades/Facade::__callStatic('unprepared', Array)
#7 C:/Users/Win11Prem2026Marcius/Desktop/sulinaiv1/vendor/laravel/framework/src/Illuminate/Database/Migrations/Migrator.php(517): Illuminate/Database/Migrations/Migration@anonymous->up()
#8 C:/Users/Win11Prem2026Marcius/Desktop/sulinaiv1/vendor/laravel/framework/src/Illuminate/Database/Migrations/Migrator.php(442): Illuminate/Database/Migrations/Migrator->runMethod(Object(Illuminate/Database/MySqlConnection), Object(Illuminate/Database/Migrations/Migration@anonymous), 'up')
#9 C:/Users/Win11Prem2026Marcius/Desktop/sulinaiv1/vendor/laravel/framework/src/Illuminate/Database/Migrations/Migrator.php(451): Illuminate/Database/Migrations/Migrator->Illuminate/Database/Migrations/{closure}()
#10 C:/Users/Win11Prem2026Marcius/Desktop/sulinaiv1/vendor/laravel/framework/src/Illuminate/Database/Migrations/Migrator.php(253): Illuminate/Database/Migrations/Migrator->runMigration(Object(Illuminate/Database/Migrations/Migration@anonymous), 'up')
#11 C:/Users/Win11Prem2026Marcius/Desktop/sulinaiv1/vendor/laravel/framework/src/Illuminate/Console/View/Components/Task.php(41): Illuminate/Database/Migrations/Migrator->Illuminate/Database/Migrations/{closure}()
#12 C:/Users/Win11Prem2026Marcius/Desktop/sulinaiv1/vendor/laravel/framework/src/Illuminate/Database/Migrations/Migrator.php(814): Illuminate/Console/View/Components/Task->render('2026_03_29_1308...', Object(Closure))
#13 C:/Users/Win11Prem2026Marcius/Desktop/sulinaiv1/vendor/laravel/framework/src/Illuminate/Database/Migrations/Migrator.php(253): Illuminate/Database/Migrations/Migrator->write('Illuminate//Cons...', '2026_03_29_1308...', Object(Closure))
#14 C:/Users/Win11Prem2026Marcius/Desktop/sulinaiv1/vendor/laravel/framework/src/Illuminate/Database/Migrations/Migrator.php(211): Illuminate/Database/Migrations/Migrator->runUp('C://Users//Win11P...', 2, false)
#15 C:/Users/Win11Prem2026Marcius/Desktop/sulinaiv1/vendor/laravel/framework/src/Illuminate/Database/Migrations/Migrator.php(138): Illuminate/Database/Migrations/Migrator->runPending(Array, Array)
#16 C:/Users/Win11Prem2026Marcius/Desktop/sulinaiv1/vendor/laravel/framework/src/Illuminate/Database/Console/Migrations/MigrateCommand.php(116): Illuminate/Database/Migrations/Migrator->run(Array, Array)
#17 C:/Users/Win11Prem2026Marcius/Desktop/sulinaiv1/vendor/laravel/framework/src/Illuminate/Database/Migrations/Migrator.php(671): Illuminate/Database/Console/Migrations/MigrateCommand->Illuminate/Database/Console/Migrations/{closure}()
#18 C:/Users/Win11Prem2026Marcius/Desktop/sulinaiv1/vendor/laravel/framework/src/Illuminate/Database/Console/Migrations/MigrateCommand.php(109): Illuminate/Database/Migrations/Migrator->usingConnection(NULL, Object(Closure))
#19 C:/Users/Win11Prem2026Marcius/Desktop/sulinaiv1/vendor/laravel/framework/src/Illuminate/Database/Console/Migrations/MigrateCommand.php(88): Illuminate/Database/Console/Migrations/MigrateCommand->runMigrations()
#20 C:/Users/Win11Prem2026Marcius/Desktop/sulinaiv1/vendor/laravel/framework/src/Illuminate/Container/BoundMethod.php(36): Illuminate/Database/Console/Migrations/MigrateCommand->handle()
#21 C:/Users/Win11Prem2026Marcius/Desktop/sulinaiv1/vendor/laravel/framework/src/Illuminate/Container/Util.php(43): Illuminate/Container/BoundMethod::Illuminate/Container/{closure}()
#22 C:/Users/Win11Prem2026Marcius/Desktop/sulinaiv1/vendor/laravel/framework/src/Illuminate/Container/BoundMethod.php(96): Illuminate/Container/Util::unwrapIfClosure(Object(Closure))
#23 C:/Users/Win11Prem2026Marcius/Desktop/sulinaiv1/vendor/laravel/framework/src/Illuminate/Container/BoundMethod.php(35): Illuminate/Container/BoundMethod::callBoundMethod(Object(Illuminate/Foundation/Application), Array, Object(Closure))
#24 C:/Users/Win11Prem2026Marcius/Desktop/sulinaiv1/vendor/laravel/framework/src/Illuminate/Container/Container.php(799): Illuminate/Container/BoundMethod::call(Object(Illuminate/Foundation/Application), Array, Array, NULL)
#25 C:/Users/Win11Prem2026Marcius/Desktop/sulinaiv1/vendor/laravel/framework/src/Illuminate/Console/Command.php(211): Illuminate/Container/Container->call(Array)
#26 C:/Users/Win11Prem2026Marcius/Desktop/sulinaiv1/vendor/symfony/console/Command/Command.php(341): Illuminate/Console/Command->execute(Object(Symfony/Component/Console/Input/ArgvInput), Object(Illuminate/Console/OutputStyle))
#27 C:/Users/Win11Prem2026Marcius/Desktop/sulinaiv1/vendor/laravel/framework/src/Illuminate/Console/Command.php(180): Symfony/Component/Console/Command/Command->run(Object(Symfony/Component/Console/Input/ArgvInput), Object(Illuminate/Console/OutputStyle))
#28 C:/Users/Win11Prem2026Marcius/Desktop/sulinaiv1/vendor/symfony/console/Application.php(1117): Illuminate/Console/Command->run(Object(Symfony/Component/Console/Input/ArgvInput), Object(Symfony/Component/Console/Output/ConsoleOutput))
#29 C:/Users/Win11Prem2026Marcius/Desktop/sulinaiv1/vendor/symfony/console/Application.php(356): Symfony/Component/Console/Application->doRunCommand(Object(Illuminate/Database/Console/Migrations/MigrateCommand), Object(Symfony/Component/Console/Input/ArgvInput), Object(Symfony/Component/Console/Output/ConsoleOutput))
#30 C:/Users/Win11Prem2026Marcius/Desktop/sulinaiv1/vendor/symfony/console/Application.php(195): Symfony/Component/Console/Application->doRun(Object(Symfony/Component/Console/Input/ArgvInput), Object(Symfony/Component/Console/Output/ConsoleOutput))
#31 C:/Users/Win11Prem2026Marcius/Desktop/sulinaiv1/vendor/laravel/framework/src/Illuminate/Foundation/Console/Kernel.php(198): Symfony/Component/Console/Application->run(Object(Symfony/Component/Console/Input/ArgvInput), Object(Symfony/Component/Console/Output/ConsoleOutput))
#32 C:/Users/Win11Prem2026Marcius/Desktop/sulinaiv1/vendor/laravel/framework/src/Illuminate/Foundation/Application.php(1235): Illuminate/Foundation/Console/Kernel->handle(Object(Symfony/Component/Console/Input/ArgvInput), Object(Symfony/Component/Console/Output/ConsoleOutput))
#33 C:/Users/Win11Prem2026Marcius/Desktop/sulinaiv1/artisan(16): Illuminate/Foundation/Application->handleCommand(Object(Symfony/Component/Console/Input/ArgvInput))
#34 {main}
"} 
[2026-04-09 18:57:08] local.ERROR: SQLSTATE[42000]: Syntax error or access violation: 1064 You have an error in your SQL syntax; check the manual that corresponds to your MariaDB server version for the right syntax to use near 'select meddig from orarend ORDER BY mikortol DESC LIMIT 1,
        select TIM...' at line 1 (Connection: mysql, Host: 127.0.0.1, Port: 3306, Database: suliradionaiv, SQL:  CREATE TRIGGER IF NOT EXISTS zenebekeresfeltoltesorarendbe AFTER INSERT on keres FOR EACH ROW    IF ( (NEW.validalte=1 | NEW.validalte=TRUE) && ((SELECT lejatszhatoe from zene where id like NEW.zeneid LIMIT 1 ) IN (TRUE,1))) THEN INSERT INTO orarend (zeneid,mikortol,meddig) VALUES (NEW.zeneid,select meddig from orarend ORDER BY mikortol DESC LIMIT 1,
        select TIMESTAMPADD(SECOND,select hossz from zene where id like NEW.zeneid, SELECT meddig from orarend ORDER BY mikortol  DESC LIMIT 1));END IF;) {"exception":"[object] (Illuminate\\Database\\QueryException(code: 42000): SQLSTATE[42000]: Syntax error or access violation: 1064 You have an error in your SQL syntax; check the manual that corresponds to your MariaDB server version for the right syntax to use near 'select meddig from orarend ORDER BY mikortol DESC LIMIT 1,
        select TIM...' at line 1 (Connection: mysql, Host: 127.0.0.1, Port: 3306, Database: suliradionaiv, SQL:  CREATE TRIGGER IF NOT EXISTS zenebekeresfeltoltesorarendbe AFTER INSERT on keres FOR EACH ROW    IF ( (NEW.validalte=1 | NEW.validalte=TRUE) && ((SELECT lejatszhatoe from zene where id like NEW.zeneid LIMIT 1 ) IN (TRUE,1))) THEN INSERT INTO orarend (zeneid,mikortol,meddig) VALUES (NEW.zeneid,select meddig from orarend ORDER BY mikortol DESC LIMIT 1,
        select TIMESTAMPADD(SECOND,select hossz from zene where id like NEW.zeneid, SELECT meddig from orarend ORDER BY mikortol  DESC LIMIT 1));END IF;) at C:/Users/Win11Prem2026Marcius/Desktop/sulinaiv1/vendor/laravel/framework/src/Illuminate/Database/Connection.php:838)
[stacktrace]
#0 C:/Users/Win11Prem2026Marcius/Desktop/sulinaiv1/vendor/laravel/framework/src/Illuminate/Database/Connection.php(794): Illuminate/Database/Connection->runQueryCallback(' CREATE TRIGGER...', Array, Object(Closure))
#1 C:/Users/Win11Prem2026Marcius/Desktop/sulinaiv1/vendor/laravel/framework/src/Illuminate/Database/Connection.php(627): Illuminate/Database/Connection->run(' CREATE TRIGGER...', Array, Object(Closure))
#2 C:/Users/Win11Prem2026Marcius/Desktop/sulinaiv1/vendor/laravel/framework/src/Illuminate/Database/DatabaseManager.php(491): Illuminate/Database/Connection->unprepared(' CREATE TRIGGER...')
#3 C:/Users/Win11Prem2026Marcius/Desktop/sulinaiv1/vendor/laravel/framework/src/Illuminate/Support/Facades/Facade.php(363): Illuminate/Database/DatabaseManager->__call('unprepared', Array)
#4 C:/Users/Win11Prem2026Marcius/Desktop/sulinaiv1/database/migrations/2026_03_29_130850_mig1.php(127): Illuminate/Support/Facades/Facade::__callStatic('unprepared', Array)
#5 C:/Users/Win11Prem2026Marcius/Desktop/sulinaiv1/vendor/laravel/framework/src/Illuminate/Database/Migrations/Migrator.php(517): Illuminate/Database/Migrations/Migration@anonymous->up()
#6 C:/Users/Win11Prem2026Marcius/Desktop/sulinaiv1/vendor/laravel/framework/src/Illuminate/Database/Migrations/Migrator.php(442): Illuminate/Database/Migrations/Migrator->runMethod(Object(Illuminate/Database/MySqlConnection), Object(Illuminate/Database/Migrations/Migration@anonymous), 'up')
#7 C:/Users/Win11Prem2026Marcius/Desktop/sulinaiv1/vendor/laravel/framework/src/Illuminate/Database/Migrations/Migrator.php(451): Illuminate/Database/Migrations/Migrator->Illuminate/Database/Migrations/{closure}()
#8 C:/Users/Win11Prem2026Marcius/Desktop/sulinaiv1/vendor/laravel/framework/src/Illuminate/Database/Migrations/Migrator.php(253): Illuminate/Database/Migrations/Migrator->runMigration(Object(Illuminate/Database/Migrations/Migration@anonymous), 'up')
#9 C:/Users/Win11Prem2026Marcius/Desktop/sulinaiv1/vendor/laravel/framework/src/Illuminate/Console/View/Components/Task.php(41): Illuminate/Database/Migrations/Migrator->Illuminate/Database/Migrations/{closure}()
#10 C:/Users/Win11Prem2026Marcius/Desktop/sulinaiv1/vendor/laravel/framework/src/Illuminate/Database/Migrations/Migrator.php(814): Illuminate/Console/View/Components/Task->render('2026_03_29_1308...', Object(Closure))
#11 C:/Users/Win11Prem2026Marcius/Desktop/sulinaiv1/vendor/laravel/framework/src/Illuminate/Database/Migrations/Migrator.php(253): Illuminate/Database/Migrations/Migrator->write('Illuminate//Cons...', '2026_03_29_1308...', Object(Closure))
#12 C:/Users/Win11Prem2026Marcius/Desktop/sulinaiv1/vendor/laravel/framework/src/Illuminate/Database/Migrations/Migrator.php(211): Illuminate/Database/Migrations/Migrator->runUp('C://Users//Win11P...', 2, false)
#13 C:/Users/Win11Prem2026Marcius/Desktop/sulinaiv1/vendor/laravel/framework/src/Illuminate/Database/Migrations/Migrator.php(138): Illuminate/Database/Migrations/Migrator->runPending(Array, Array)
#14 C:/Users/Win11Prem2026Marcius/Desktop/sulinaiv1/vendor/laravel/framework/src/Illuminate/Database/Console/Migrations/MigrateCommand.php(116): Illuminate/Database/Migrations/Migrator->run(Array, Array)
#15 C:/Users/Win11Prem2026Marcius/Desktop/sulinaiv1/vendor/laravel/framework/src/Illuminate/Database/Migrations/Migrator.php(671): Illuminate/Database/Console/Migrations/MigrateCommand->Illuminate/Database/Console/Migrations/{closure}()
#16 C:/Users/Win11Prem2026Marcius/Desktop/sulinaiv1/vendor/laravel/framework/src/Illuminate/Database/Console/Migrations/MigrateCommand.php(109): Illuminate/Database/Migrations/Migrator->usingConnection(NULL, Object(Closure))
#17 C:/Users/Win11Prem2026Marcius/Desktop/sulinaiv1/vendor/laravel/framework/src/Illuminate/Database/Console/Migrations/MigrateCommand.php(88): Illuminate/Database/Console/Migrations/MigrateCommand->runMigrations()
#18 C:/Users/Win11Prem2026Marcius/Desktop/sulinaiv1/vendor/laravel/framework/src/Illuminate/Container/BoundMethod.php(36): Illuminate/Database/Console/Migrations/MigrateCommand->handle()
#19 C:/Users/Win11Prem2026Marcius/Desktop/sulinaiv1/vendor/laravel/framework/src/Illuminate/Container/Util.php(43): Illuminate/Container/BoundMethod::Illuminate/Container/{closure}()
#20 C:/Users/Win11Prem2026Marcius/Desktop/sulinaiv1/vendor/laravel/framework/src/Illuminate/Container/BoundMethod.php(96): Illuminate/Container/Util::unwrapIfClosure(Object(Closure))
#21 C:/Users/Win11Prem2026Marcius/Desktop/sulinaiv1/vendor/laravel/framework/src/Illuminate/Container/BoundMethod.php(35): Illuminate/Container/BoundMethod::callBoundMethod(Object(Illuminate/Foundation/Application), Array, Object(Closure))
#22 C:/Users/Win11Prem2026Marcius/Desktop/sulinaiv1/vendor/laravel/framework/src/Illuminate/Container/Container.php(799): Illuminate/Container/BoundMethod::call(Object(Illuminate/Foundation/Application), Array, Array, NULL)
#23 C:/Users/Win11Prem2026Marcius/Desktop/sulinaiv1/vendor/laravel/framework/src/Illuminate/Console/Command.php(211): Illuminate/Container/Container->call(Array)
#24 C:/Users/Win11Prem2026Marcius/Desktop/sulinaiv1/vendor/symfony/console/Command/Command.php(341): Illuminate/Console/Command->execute(Object(Symfony/Component/Console/Input/ArgvInput), Object(Illuminate/Console/OutputStyle))
#25 C:/Users/Win11Prem2026Marcius/Desktop/sulinaiv1/vendor/laravel/framework/src/Illuminate/Console/Command.php(180): Symfony/Component/Console/Command/Command->run(Object(Symfony/Component/Console/Input/ArgvInput), Object(Illuminate/Console/OutputStyle))
#26 C:/Users/Win11Prem2026Marcius/Desktop/sulinaiv1/vendor/symfony/console/Application.php(1117): Illuminate/Console/Command->run(Object(Symfony/Component/Console/Input/ArgvInput), Object(Symfony/Component/Console/Output/ConsoleOutput))
#27 C:/Users/Win11Prem2026Marcius/Desktop/sulinaiv1/vendor/symfony/console/Application.php(356): Symfony/Component/Console/Application->doRunCommand(Object(Illuminate/Database/Console/Migrations/MigrateCommand), Object(Symfony/Component/Console/Input/ArgvInput), Object(Symfony/Component/Console/Output/ConsoleOutput))
#28 C:/Users/Win11Prem2026Marcius/Desktop/sulinaiv1/vendor/symfony/console/Application.php(195): Symfony/Component/Console/Application->doRun(Object(Symfony/Component/Console/Input/ArgvInput), Object(Symfony/Component/Console/Output/ConsoleOutput))
#29 C:/Users/Win11Prem2026Marcius/Desktop/sulinaiv1/vendor/laravel/framework/src/Illuminate/Foundation/Console/Kernel.php(198): Symfony/Component/Console/Application->run(Object(Symfony/Component/Console/Input/ArgvInput), Object(Symfony/Component/Console/Output/ConsoleOutput))
#30 C:/Users/Win11Prem2026Marcius/Desktop/sulinaiv1/vendor/laravel/framework/src/Illuminate/Foundation/Application.php(1235): Illuminate/Foundation/Console/Kernel->handle(Object(Symfony/Component/Console/Input/ArgvInput), Object(Symfony/Component/Console/Output/ConsoleOutput))
#31 C:/Users/Win11Prem2026Marcius/Desktop/sulinaiv1/artisan(16): Illuminate/Foundation/Application->handleCommand(Object(Symfony/Component/Console/Input/ArgvInput))
#32 {main}

[previous exception] [object] (PDOException(code: 42000): SQLSTATE[42000]: Syntax error or access violation: 1064 You have an error in your SQL syntax; check the manual that corresponds to your MariaDB server version for the right syntax to use near 'select meddig from orarend ORDER BY mikortol DESC LIMIT 1,
        select TIM...' at line 1 at C:/Users/Win11Prem2026Marcius/Desktop/sulinaiv1/vendor/laravel/framework/src/Illuminate/Database/Connection.php:633)
[stacktrace]
#0 C:/Users/Win11Prem2026Marcius/Desktop/sulinaiv1/vendor/laravel/framework/src/Illuminate/Database/Connection.php(633): PDO->exec(' CREATE TRIGGER...')
#1 C:/Users/Win11Prem2026Marcius/Desktop/sulinaiv1/vendor/laravel/framework/src/Illuminate/Database/Connection.php(827): Illuminate/Database/Connection->Illuminate/Database/{closure}(' CREATE TRIGGER...', Array)
#2 C:/Users/Win11Prem2026Marcius/Desktop/sulinaiv1/vendor/laravel/framework/src/Illuminate/Database/Connection.php(794): Illuminate/Database/Connection->runQueryCallback(' CREATE TRIGGER...', Array, Object(Closure))
#3 C:/Users/Win11Prem2026Marcius/Desktop/sulinaiv1/vendor/laravel/framework/src/Illuminate/Database/Connection.php(627): Illuminate/Database/Connection->run(' CREATE TRIGGER...', Array, Object(Closure))
#4 C:/Users/Win11Prem2026Marcius/Desktop/sulinaiv1/vendor/laravel/framework/src/Illuminate/Database/DatabaseManager.php(491): Illuminate/Database/Connection->unprepared(' CREATE TRIGGER...')
#5 C:/Users/Win11Prem2026Marcius/Desktop/sulinaiv1/vendor/laravel/framework/src/Illuminate/Support/Facades/Facade.php(363): Illuminate/Database/DatabaseManager->__call('unprepared', Array)
#6 C:/Users/Win11Prem2026Marcius/Desktop/sulinaiv1/database/migrations/2026_03_29_130850_mig1.php(127): Illuminate/Support/Facades/Facade::__callStatic('unprepared', Array)
#7 C:/Users/Win11Prem2026Marcius/Desktop/sulinaiv1/vendor/laravel/framework/src/Illuminate/Database/Migrations/Migrator.php(517): Illuminate/Database/Migrations/Migration@anonymous->up()
#8 C:/Users/Win11Prem2026Marcius/Desktop/sulinaiv1/vendor/laravel/framework/src/Illuminate/Database/Migrations/Migrator.php(442): Illuminate/Database/Migrations/Migrator->runMethod(Object(Illuminate/Database/MySqlConnection), Object(Illuminate/Database/Migrations/Migration@anonymous), 'up')
#9 C:/Users/Win11Prem2026Marcius/Desktop/sulinaiv1/vendor/laravel/framework/src/Illuminate/Database/Migrations/Migrator.php(451): Illuminate/Database/Migrations/Migrator->Illuminate/Database/Migrations/{closure}()
#10 C:/Users/Win11Prem2026Marcius/Desktop/sulinaiv1/vendor/laravel/framework/src/Illuminate/Database/Migrations/Migrator.php(253): Illuminate/Database/Migrations/Migrator->runMigration(Object(Illuminate/Database/Migrations/Migration@anonymous), 'up')
#11 C:/Users/Win11Prem2026Marcius/Desktop/sulinaiv1/vendor/laravel/framework/src/Illuminate/Console/View/Components/Task.php(41): Illuminate/Database/Migrations/Migrator->Illuminate/Database/Migrations/{closure}()
#12 C:/Users/Win11Prem2026Marcius/Desktop/sulinaiv1/vendor/laravel/framework/src/Illuminate/Database/Migrations/Migrator.php(814): Illuminate/Console/View/Components/Task->render('2026_03_29_1308...', Object(Closure))
#13 C:/Users/Win11Prem2026Marcius/Desktop/sulinaiv1/vendor/laravel/framework/src/Illuminate/Database/Migrations/Migrator.php(253): Illuminate/Database/Migrations/Migrator->write('Illuminate//Cons...', '2026_03_29_1308...', Object(Closure))
#14 C:/Users/Win11Prem2026Marcius/Desktop/sulinaiv1/vendor/laravel/framework/src/Illuminate/Database/Migrations/Migrator.php(211): Illuminate/Database/Migrations/Migrator->runUp('C://Users//Win11P...', 2, false)
#15 C:/Users/Win11Prem2026Marcius/Desktop/sulinaiv1/vendor/laravel/framework/src/Illuminate/Database/Migrations/Migrator.php(138): Illuminate/Database/Migrations/Migrator->runPending(Array, Array)
#16 C:/Users/Win11Prem2026Marcius/Desktop/sulinaiv1/vendor/laravel/framework/src/Illuminate/Database/Console/Migrations/MigrateCommand.php(116): Illuminate/Database/Migrations/Migrator->run(Array, Array)
#17 C:/Users/Win11Prem2026Marcius/Desktop/sulinaiv1/vendor/laravel/framework/src/Illuminate/Database/Migrations/Migrator.php(671): Illuminate/Database/Console/Migrations/MigrateCommand->Illuminate/Database/Console/Migrations/{closure}()
#18 C:/Users/Win11Prem2026Marcius/Desktop/sulinaiv1/vendor/laravel/framework/src/Illuminate/Database/Console/Migrations/MigrateCommand.php(109): Illuminate/Database/Migrations/Migrator->usingConnection(NULL, Object(Closure))
#19 C:/Users/Win11Prem2026Marcius/Desktop/sulinaiv1/vendor/laravel/framework/src/Illuminate/Database/Console/Migrations/MigrateCommand.php(88): Illuminate/Database/Console/Migrations/MigrateCommand->runMigrations()
#20 C:/Users/Win11Prem2026Marcius/Desktop/sulinaiv1/vendor/laravel/framework/src/Illuminate/Container/BoundMethod.php(36): Illuminate/Database/Console/Migrations/MigrateCommand->handle()
#21 C:/Users/Win11Prem2026Marcius/Desktop/sulinaiv1/vendor/laravel/framework/src/Illuminate/Container/Util.php(43): Illuminate/Container/BoundMethod::Illuminate/Container/{closure}()
#22 C:/Users/Win11Prem2026Marcius/Desktop/sulinaiv1/vendor/laravel/framework/src/Illuminate/Container/BoundMethod.php(96): Illuminate/Container/Util::unwrapIfClosure(Object(Closure))
#23 C:/Users/Win11Prem2026Marcius/Desktop/sulinaiv1/vendor/laravel/framework/src/Illuminate/Container/BoundMethod.php(35): Illuminate/Container/BoundMethod::callBoundMethod(Object(Illuminate/Foundation/Application), Array, Object(Closure))
#24 C:/Users/Win11Prem2026Marcius/Desktop/sulinaiv1/vendor/laravel/framework/src/Illuminate/Container/Container.php(799): Illuminate/Container/BoundMethod::call(Object(Illuminate/Foundation/Application), Array, Array, NULL)
#25 C:/Users/Win11Prem2026Marcius/Desktop/sulinaiv1/vendor/laravel/framework/src/Illuminate/Console/Command.php(211): Illuminate/Container/Container->call(Array)
#26 C:/Users/Win11Prem2026Marcius/Desktop/sulinaiv1/vendor/symfony/console/Command/Command.php(341): Illuminate/Console/Command->execute(Object(Symfony/Component/Console/Input/ArgvInput), Object(Illuminate/Console/OutputStyle))
#27 C:/Users/Win11Prem2026Marcius/Desktop/sulinaiv1/vendor/laravel/framework/src/Illuminate/Console/Command.php(180): Symfony/Component/Console/Command/Command->run(Object(Symfony/Component/Console/Input/ArgvInput), Object(Illuminate/Console/OutputStyle))
#28 C:/Users/Win11Prem2026Marcius/Desktop/sulinaiv1/vendor/symfony/console/Application.php(1117): Illuminate/Console/Command->run(Object(Symfony/Component/Console/Input/ArgvInput), Object(Symfony/Component/Console/Output/ConsoleOutput))
#29 C:/Users/Win11Prem2026Marcius/Desktop/sulinaiv1/vendor/symfony/console/Application.php(356): Symfony/Component/Console/Application->doRunCommand(Object(Illuminate/Database/Console/Migrations/MigrateCommand), Object(Symfony/Component/Console/Input/ArgvInput), Object(Symfony/Component/Console/Output/ConsoleOutput))
#30 C:/Users/Win11Prem2026Marcius/Desktop/sulinaiv1/vendor/symfony/console/Application.php(195): Symfony/Component/Console/Application->doRun(Object(Symfony/Component/Console/Input/ArgvInput), Object(Symfony/Component/Console/Output/ConsoleOutput))
#31 C:/Users/Win11Prem2026Marcius/Desktop/sulinaiv1/vendor/laravel/framework/src/Illuminate/Foundation/Console/Kernel.php(198): Symfony/Component/Console/Application->run(Object(Symfony/Component/Console/Input/ArgvInput), Object(Symfony/Component/Console/Output/ConsoleOutput))
#32 C:/Users/Win11Prem2026Marcius/Desktop/sulinaiv1/vendor/laravel/framework/src/Illuminate/Foundation/Application.php(1235): Illuminate/Foundation/Console/Kernel->handle(Object(Symfony/Component/Console/Input/ArgvInput), Object(Symfony/Component/Console/Output/ConsoleOutput))
#33 C:/Users/Win11Prem2026Marcius/Desktop/sulinaiv1/artisan(16): Illuminate/Foundation/Application->handleCommand(Object(Symfony/Component/Console/Input/ArgvInput))
#34 {main}
"} 
[2026-04-09 19:13:40] local.ERROR: SQLSTATE[42000]: Syntax error or access violation: 1064 You have an error in your SQL syntax; check the manual that corresponds to your MariaDB server version for the right syntax to use near 'DELIMITER // CREATE TRIGGER IF NOT EXISTS zenebekeresfeltoltesorarendbe AFTER...' at line 1 (Connection: mysql, Host: 127.0.0.1, Port: 3306, Database: suliradionaiv, SQL: DELIMITER // CREATE TRIGGER IF NOT EXISTS zenebekeresfeltoltesorarendbe AFTER INSERT on keres FOR EACH ROW BEGIN IF ( NEW.validalte && (SELECT lejatszhatoe from zene where id = NEW.zeneid LIMIT 1 )) THEN INSERT INTO orarend (zeneid,mikortol,meddig) VALUES (NEW.zeneid,(select meddig from orarend ORDER BY mikortol DESC LIMIT 1), (select TIMESTAMPADD(SECOND, (select hossz from zene where id like NEW.zeneid), (SELECT meddig from orarend ORDER BY mikortol DESC LIMIT 1) ) ) ) ; END IF; END; // DELIMITER ;) {"exception":"[object] (Illuminate\\Database\\QueryException(code: 42000): SQLSTATE[42000]: Syntax error or access violation: 1064 You have an error in your SQL syntax; check the manual that corresponds to your MariaDB server version for the right syntax to use near 'DELIMITER // CREATE TRIGGER IF NOT EXISTS zenebekeresfeltoltesorarendbe AFTER...' at line 1 (Connection: mysql, Host: 127.0.0.1, Port: 3306, Database: suliradionaiv, SQL: DELIMITER // CREATE TRIGGER IF NOT EXISTS zenebekeresfeltoltesorarendbe AFTER INSERT on keres FOR EACH ROW BEGIN IF ( NEW.validalte && (SELECT lejatszhatoe from zene where id = NEW.zeneid LIMIT 1 )) THEN INSERT INTO orarend (zeneid,mikortol,meddig) VALUES (NEW.zeneid,(select meddig from orarend ORDER BY mikortol DESC LIMIT 1), (select TIMESTAMPADD(SECOND, (select hossz from zene where id like NEW.zeneid), (SELECT meddig from orarend ORDER BY mikortol DESC LIMIT 1) ) ) ) ; END IF; END; // DELIMITER ;) at C:/Users/Win11Prem2026Marcius/Desktop/sulinaiv1/vendor/laravel/framework/src/Illuminate/Database/Connection.php:838)
[stacktrace]
#0 C:/Users/Win11Prem2026Marcius/Desktop/sulinaiv1/vendor/laravel/framework/src/Illuminate/Database/Connection.php(794): Illuminate/Database/Connection->runQueryCallback('DELIMITER // CR...', Array, Object(Closure))
#1 C:/Users/Win11Prem2026Marcius/Desktop/sulinaiv1/vendor/laravel/framework/src/Illuminate/Database/Connection.php(627): Illuminate/Database/Connection->run('DELIMITER // CR...', Array, Object(Closure))
#2 C:/Users/Win11Prem2026Marcius/Desktop/sulinaiv1/vendor/laravel/framework/src/Illuminate/Database/DatabaseManager.php(491): Illuminate/Database/Connection->unprepared('DELIMITER // CR...')
#3 C:/Users/Win11Prem2026Marcius/Desktop/sulinaiv1/vendor/laravel/framework/src/Illuminate/Support/Facades/Facade.php(363): Illuminate/Database/DatabaseManager->__call('unprepared', Array)
#4 C:/Users/Win11Prem2026Marcius/Desktop/sulinaiv1/database/migrations/2026_03_29_130850_mig1.php(129): Illuminate/Support/Facades/Facade::__callStatic('unprepared', Array)
#5 C:/Users/Win11Prem2026Marcius/Desktop/sulinaiv1/vendor/laravel/framework/src/Illuminate/Database/Migrations/Migrator.php(517): Illuminate/Database/Migrations/Migration@anonymous->up()
#6 C:/Users/Win11Prem2026Marcius/Desktop/sulinaiv1/vendor/laravel/framework/src/Illuminate/Database/Migrations/Migrator.php(442): Illuminate/Database/Migrations/Migrator->runMethod(Object(Illuminate/Database/MySqlConnection), Object(Illuminate/Database/Migrations/Migration@anonymous), 'up')
#7 C:/Users/Win11Prem2026Marcius/Desktop/sulinaiv1/vendor/laravel/framework/src/Illuminate/Database/Migrations/Migrator.php(451): Illuminate/Database/Migrations/Migrator->Illuminate/Database/Migrations/{closure}()
#8 C:/Users/Win11Prem2026Marcius/Desktop/sulinaiv1/vendor/laravel/framework/src/Illuminate/Database/Migrations/Migrator.php(253): Illuminate/Database/Migrations/Migrator->runMigration(Object(Illuminate/Database/Migrations/Migration@anonymous), 'up')
#9 C:/Users/Win11Prem2026Marcius/Desktop/sulinaiv1/vendor/laravel/framework/src/Illuminate/Console/View/Components/Task.php(41): Illuminate/Database/Migrations/Migrator->Illuminate/Database/Migrations/{closure}()
#10 C:/Users/Win11Prem2026Marcius/Desktop/sulinaiv1/vendor/laravel/framework/src/Illuminate/Database/Migrations/Migrator.php(814): Illuminate/Console/View/Components/Task->render('2026_03_29_1308...', Object(Closure))
#11 C:/Users/Win11Prem2026Marcius/Desktop/sulinaiv1/vendor/laravel/framework/src/Illuminate/Database/Migrations/Migrator.php(253): Illuminate/Database/Migrations/Migrator->write('Illuminate//Cons...', '2026_03_29_1308...', Object(Closure))
#12 C:/Users/Win11Prem2026Marcius/Desktop/sulinaiv1/vendor/laravel/framework/src/Illuminate/Database/Migrations/Migrator.php(211): Illuminate/Database/Migrations/Migrator->runUp('C://Users//Win11P...', 2, false)
#13 C:/Users/Win11Prem2026Marcius/Desktop/sulinaiv1/vendor/laravel/framework/src/Illuminate/Database/Migrations/Migrator.php(138): Illuminate/Database/Migrations/Migrator->runPending(Array, Array)
#14 C:/Users/Win11Prem2026Marcius/Desktop/sulinaiv1/vendor/laravel/framework/src/Illuminate/Database/Console/Migrations/MigrateCommand.php(116): Illuminate/Database/Migrations/Migrator->run(Array, Array)
#15 C:/Users/Win11Prem2026Marcius/Desktop/sulinaiv1/vendor/laravel/framework/src/Illuminate/Database/Migrations/Migrator.php(671): Illuminate/Database/Console/Migrations/MigrateCommand->Illuminate/Database/Console/Migrations/{closure}()
#16 C:/Users/Win11Prem2026Marcius/Desktop/sulinaiv1/vendor/laravel/framework/src/Illuminate/Database/Console/Migrations/MigrateCommand.php(109): Illuminate/Database/Migrations/Migrator->usingConnection(NULL, Object(Closure))
#17 C:/Users/Win11Prem2026Marcius/Desktop/sulinaiv1/vendor/laravel/framework/src/Illuminate/Database/Console/Migrations/MigrateCommand.php(88): Illuminate/Database/Console/Migrations/MigrateCommand->runMigrations()
#18 C:/Users/Win11Prem2026Marcius/Desktop/sulinaiv1/vendor/laravel/framework/src/Illuminate/Container/BoundMethod.php(36): Illuminate/Database/Console/Migrations/MigrateCommand->handle()
#19 C:/Users/Win11Prem2026Marcius/Desktop/sulinaiv1/vendor/laravel/framework/src/Illuminate/Container/Util.php(43): Illuminate/Container/BoundMethod::Illuminate/Container/{closure}()
#20 C:/Users/Win11Prem2026Marcius/Desktop/sulinaiv1/vendor/laravel/framework/src/Illuminate/Container/BoundMethod.php(96): Illuminate/Container/Util::unwrapIfClosure(Object(Closure))
#21 C:/Users/Win11Prem2026Marcius/Desktop/sulinaiv1/vendor/laravel/framework/src/Illuminate/Container/BoundMethod.php(35): Illuminate/Container/BoundMethod::callBoundMethod(Object(Illuminate/Foundation/Application), Array, Object(Closure))
#22 C:/Users/Win11Prem2026Marcius/Desktop/sulinaiv1/vendor/laravel/framework/src/Illuminate/Container/Container.php(799): Illuminate/Container/BoundMethod::call(Object(Illuminate/Foundation/Application), Array, Array, NULL)
#23 C:/Users/Win11Prem2026Marcius/Desktop/sulinaiv1/vendor/laravel/framework/src/Illuminate/Console/Command.php(211): Illuminate/Container/Container->call(Array)
#24 C:/Users/Win11Prem2026Marcius/Desktop/sulinaiv1/vendor/symfony/console/Command/Command.php(341): Illuminate/Console/Command->execute(Object(Symfony/Component/Console/Input/ArgvInput), Object(Illuminate/Console/OutputStyle))
#25 C:/Users/Win11Prem2026Marcius/Desktop/sulinaiv1/vendor/laravel/framework/src/Illuminate/Console/Command.php(180): Symfony/Component/Console/Command/Command->run(Object(Symfony/Component/Console/Input/ArgvInput), Object(Illuminate/Console/OutputStyle))
#26 C:/Users/Win11Prem2026Marcius/Desktop/sulinaiv1/vendor/symfony/console/Application.php(1117): Illuminate/Console/Command->run(Object(Symfony/Component/Console/Input/ArgvInput), Object(Symfony/Component/Console/Output/ConsoleOutput))
#27 C:/Users/Win11Prem2026Marcius/Desktop/sulinaiv1/vendor/symfony/console/Application.php(356): Symfony/Component/Console/Application->doRunCommand(Object(Illuminate/Database/Console/Migrations/MigrateCommand), Object(Symfony/Component/Console/Input/ArgvInput), Object(Symfony/Component/Console/Output/ConsoleOutput))
#28 C:/Users/Win11Prem2026Marcius/Desktop/sulinaiv1/vendor/symfony/console/Application.php(195): Symfony/Component/Console/Application->doRun(Object(Symfony/Component/Console/Input/ArgvInput), Object(Symfony/Component/Console/Output/ConsoleOutput))
#29 C:/Users/Win11Prem2026Marcius/Desktop/sulinaiv1/vendor/laravel/framework/src/Illuminate/Foundation/Console/Kernel.php(198): Symfony/Component/Console/Application->run(Object(Symfony/Component/Console/Input/ArgvInput), Object(Symfony/Component/Console/Output/ConsoleOutput))
#30 C:/Users/Win11Prem2026Marcius/Desktop/sulinaiv1/vendor/laravel/framework/src/Illuminate/Foundation/Application.php(1235): Illuminate/Foundation/Console/Kernel->handle(Object(Symfony/Component/Console/Input/ArgvInput), Object(Symfony/Component/Console/Output/ConsoleOutput))
#31 C:/Users/Win11Prem2026Marcius/Desktop/sulinaiv1/artisan(16): Illuminate/Foundation/Application->handleCommand(Object(Symfony/Component/Console/Input/ArgvInput))
#32 {main}

[previous exception] [object] (PDOException(code: 42000): SQLSTATE[42000]: Syntax error or access violation: 1064 You have an error in your SQL syntax; check the manual that corresponds to your MariaDB server version for the right syntax to use near 'DELIMITER // CREATE TRIGGER IF NOT EXISTS zenebekeresfeltoltesorarendbe AFTER...' at line 1 at C:/Users/Win11Prem2026Marcius/Desktop/sulinaiv1/vendor/laravel/framework/src/Illuminate/Database/Connection.php:633)
[stacktrace]
#0 C:/Users/Win11Prem2026Marcius/Desktop/sulinaiv1/vendor/laravel/framework/src/Illuminate/Database/Connection.php(633): PDO->exec('DELIMITER // CR...')
#1 C:/Users/Win11Prem2026Marcius/Desktop/sulinaiv1/vendor/laravel/framework/src/Illuminate/Database/Connection.php(827): Illuminate/Database/Connection->Illuminate/Database/{closure}('DELIMITER // CR...', Array)
#2 C:/Users/Win11Prem2026Marcius/Desktop/sulinaiv1/vendor/laravel/framework/src/Illuminate/Database/Connection.php(794): Illuminate/Database/Connection->runQueryCallback('DELIMITER // CR...', Array, Object(Closure))
#3 C:/Users/Win11Prem2026Marcius/Desktop/sulinaiv1/vendor/laravel/framework/src/Illuminate/Database/Connection.php(627): Illuminate/Database/Connection->run('DELIMITER // CR...', Array, Object(Closure))
#4 C:/Users/Win11Prem2026Marcius/Desktop/sulinaiv1/vendor/laravel/framework/src/Illuminate/Database/DatabaseManager.php(491): Illuminate/Database/Connection->unprepared('DELIMITER // CR...')
#5 C:/Users/Win11Prem2026Marcius/Desktop/sulinaiv1/vendor/laravel/framework/src/Illuminate/Support/Facades/Facade.php(363): Illuminate/Database/DatabaseManager->__call('unprepared', Array)
#6 C:/Users/Win11Prem2026Marcius/Desktop/sulinaiv1/database/migrations/2026_03_29_130850_mig1.php(129): Illuminate/Support/Facades/Facade::__callStatic('unprepared', Array)
#7 C:/Users/Win11Prem2026Marcius/Desktop/sulinaiv1/vendor/laravel/framework/src/Illuminate/Database/Migrations/Migrator.php(517): Illuminate/Database/Migrations/Migration@anonymous->up()
#8 C:/Users/Win11Prem2026Marcius/Desktop/sulinaiv1/vendor/laravel/framework/src/Illuminate/Database/Migrations/Migrator.php(442): Illuminate/Database/Migrations/Migrator->runMethod(Object(Illuminate/Database/MySqlConnection), Object(Illuminate/Database/Migrations/Migration@anonymous), 'up')
#9 C:/Users/Win11Prem2026Marcius/Desktop/sulinaiv1/vendor/laravel/framework/src/Illuminate/Database/Migrations/Migrator.php(451): Illuminate/Database/Migrations/Migrator->Illuminate/Database/Migrations/{closure}()
#10 C:/Users/Win11Prem2026Marcius/Desktop/sulinaiv1/vendor/laravel/framework/src/Illuminate/Database/Migrations/Migrator.php(253): Illuminate/Database/Migrations/Migrator->runMigration(Object(Illuminate/Database/Migrations/Migration@anonymous), 'up')
#11 C:/Users/Win11Prem2026Marcius/Desktop/sulinaiv1/vendor/laravel/framework/src/Illuminate/Console/View/Components/Task.php(41): Illuminate/Database/Migrations/Migrator->Illuminate/Database/Migrations/{closure}()
#12 C:/Users/Win11Prem2026Marcius/Desktop/sulinaiv1/vendor/laravel/framework/src/Illuminate/Database/Migrations/Migrator.php(814): Illuminate/Console/View/Components/Task->render('2026_03_29_1308...', Object(Closure))
#13 C:/Users/Win11Prem2026Marcius/Desktop/sulinaiv1/vendor/laravel/framework/src/Illuminate/Database/Migrations/Migrator.php(253): Illuminate/Database/Migrations/Migrator->write('Illuminate//Cons...', '2026_03_29_1308...', Object(Closure))
#14 C:/Users/Win11Prem2026Marcius/Desktop/sulinaiv1/vendor/laravel/framework/src/Illuminate/Database/Migrations/Migrator.php(211): Illuminate/Database/Migrations/Migrator->runUp('C://Users//Win11P...', 2, false)
#15 C:/Users/Win11Prem2026Marcius/Desktop/sulinaiv1/vendor/laravel/framework/src/Illuminate/Database/Migrations/Migrator.php(138): Illuminate/Database/Migrations/Migrator->runPending(Array, Array)
#16 C:/Users/Win11Prem2026Marcius/Desktop/sulinaiv1/vendor/laravel/framework/src/Illuminate/Database/Console/Migrations/MigrateCommand.php(116): Illuminate/Database/Migrations/Migrator->run(Array, Array)
#17 C:/Users/Win11Prem2026Marcius/Desktop/sulinaiv1/vendor/laravel/framework/src/Illuminate/Database/Migrations/Migrator.php(671): Illuminate/Database/Console/Migrations/MigrateCommand->Illuminate/Database/Console/Migrations/{closure}()
#18 C:/Users/Win11Prem2026Marcius/Desktop/sulinaiv1/vendor/laravel/framework/src/Illuminate/Database/Console/Migrations/MigrateCommand.php(109): Illuminate/Database/Migrations/Migrator->usingConnection(NULL, Object(Closure))
#19 C:/Users/Win11Prem2026Marcius/Desktop/sulinaiv1/vendor/laravel/framework/src/Illuminate/Database/Console/Migrations/MigrateCommand.php(88): Illuminate/Database/Console/Migrations/MigrateCommand->runMigrations()
#20 C:/Users/Win11Prem2026Marcius/Desktop/sulinaiv1/vendor/laravel/framework/src/Illuminate/Container/BoundMethod.php(36): Illuminate/Database/Console/Migrations/MigrateCommand->handle()
#21 C:/Users/Win11Prem2026Marcius/Desktop/sulinaiv1/vendor/laravel/framework/src/Illuminate/Container/Util.php(43): Illuminate/Container/BoundMethod::Illuminate/Container/{closure}()
#22 C:/Users/Win11Prem2026Marcius/Desktop/sulinaiv1/vendor/laravel/framework/src/Illuminate/Container/BoundMethod.php(96): Illuminate/Container/Util::unwrapIfClosure(Object(Closure))
#23 C:/Users/Win11Prem2026Marcius/Desktop/sulinaiv1/vendor/laravel/framework/src/Illuminate/Container/BoundMethod.php(35): Illuminate/Container/BoundMethod::callBoundMethod(Object(Illuminate/Foundation/Application), Array, Object(Closure))
#24 C:/Users/Win11Prem2026Marcius/Desktop/sulinaiv1/vendor/laravel/framework/src/Illuminate/Container/Container.php(799): Illuminate/Container/BoundMethod::call(Object(Illuminate/Foundation/Application), Array, Array, NULL)
#25 C:/Users/Win11Prem2026Marcius/Desktop/sulinaiv1/vendor/laravel/framework/src/Illuminate/Console/Command.php(211): Illuminate/Container/Container->call(Array)
#26 C:/Users/Win11Prem2026Marcius/Desktop/sulinaiv1/vendor/symfony/console/Command/Command.php(341): Illuminate/Console/Command->execute(Object(Symfony/Component/Console/Input/ArgvInput), Object(Illuminate/Console/OutputStyle))
#27 C:/Users/Win11Prem2026Marcius/Desktop/sulinaiv1/vendor/laravel/framework/src/Illuminate/Console/Command.php(180): Symfony/Component/Console/Command/Command->run(Object(Symfony/Component/Console/Input/ArgvInput), Object(Illuminate/Console/OutputStyle))
#28 C:/Users/Win11Prem2026Marcius/Desktop/sulinaiv1/vendor/symfony/console/Application.php(1117): Illuminate/Console/Command->run(Object(Symfony/Component/Console/Input/ArgvInput), Object(Symfony/Component/Console/Output/ConsoleOutput))
#29 C:/Users/Win11Prem2026Marcius/Desktop/sulinaiv1/vendor/symfony/console/Application.php(356): Symfony/Component/Console/Application->doRunCommand(Object(Illuminate/Database/Console/Migrations/MigrateCommand), Object(Symfony/Component/Console/Input/ArgvInput), Object(Symfony/Component/Console/Output/ConsoleOutput))
#30 C:/Users/Win11Prem2026Marcius/Desktop/sulinaiv1/vendor/symfony/console/Application.php(195): Symfony/Component/Console/Application->doRun(Object(Symfony/Component/Console/Input/ArgvInput), Object(Symfony/Component/Console/Output/ConsoleOutput))
#31 C:/Users/Win11Prem2026Marcius/Desktop/sulinaiv1/vendor/laravel/framework/src/Illuminate/Foundation/Console/Kernel.php(198): Symfony/Component/Console/Application->run(Object(Symfony/Component/Console/Input/ArgvInput), Object(Symfony/Component/Console/Output/ConsoleOutput))
#32 C:/Users/Win11Prem2026Marcius/Desktop/sulinaiv1/vendor/laravel/framework/src/Illuminate/Foundation/Application.php(1235): Illuminate/Foundation/Console/Kernel->handle(Object(Symfony/Component/Console/Input/ArgvInput), Object(Symfony/Component/Console/Output/ConsoleOutput))
#33 C:/Users/Win11Prem2026Marcius/Desktop/sulinaiv1/artisan(16): Illuminate/Foundation/Application->handleCommand(Object(Symfony/Component/Console/Input/ArgvInput))
#34 {main}
"} 
[2026-04-09 19:14:17] local.ERROR: SQLSTATE[42000]: Syntax error or access violation: 1064 You have an error in your SQL syntax; check the manual that corresponds to your MariaDB server version for the right syntax to use near 'DELIMITER // 
 CREATE TRIGGER IF NOT EXISTS zenebekeresfeltoltesorarendbe AFT...' at line 1 (Connection: mysql, Host: 127.0.0.1, Port: 3306, Database: suliradionaiv, SQL: DELIMITER // 
 CREATE TRIGGER IF NOT EXISTS zenebekeresfeltoltesorarendbe AFTER INSERT on keres FOR EACH ROW BEGIN IF ( NEW.validalte && (SELECT lejatszhatoe from zene where id = NEW.zeneid LIMIT 1 )) THEN INSERT INTO orarend (zeneid,mikortol,meddig) VALUES (NEW.zeneid,(select meddig from orarend ORDER BY mikortol DESC LIMIT 1), (select TIMESTAMPADD(SECOND, (select hossz from zene where id like NEW.zeneid), (SELECT meddig from orarend ORDER BY mikortol DESC LIMIT 1) ) ) ) ; END IF; END; // DELIMITER ;) {"exception":"[object] (Illuminate\\Database\\QueryException(code: 42000): SQLSTATE[42000]: Syntax error or access violation: 1064 You have an error in your SQL syntax; check the manual that corresponds to your MariaDB server version for the right syntax to use near 'DELIMITER // 
 CREATE TRIGGER IF NOT EXISTS zenebekeresfeltoltesorarendbe AFT...' at line 1 (Connection: mysql, Host: 127.0.0.1, Port: 3306, Database: suliradionaiv, SQL: DELIMITER // 
 CREATE TRIGGER IF NOT EXISTS zenebekeresfeltoltesorarendbe AFTER INSERT on keres FOR EACH ROW BEGIN IF ( NEW.validalte && (SELECT lejatszhatoe from zene where id = NEW.zeneid LIMIT 1 )) THEN INSERT INTO orarend (zeneid,mikortol,meddig) VALUES (NEW.zeneid,(select meddig from orarend ORDER BY mikortol DESC LIMIT 1), (select TIMESTAMPADD(SECOND, (select hossz from zene where id like NEW.zeneid), (SELECT meddig from orarend ORDER BY mikortol DESC LIMIT 1) ) ) ) ; END IF; END; // DELIMITER ;) at C:/Users/Win11Prem2026Marcius/Desktop/sulinaiv1/vendor/laravel/framework/src/Illuminate/Database/Connection.php:838)
[stacktrace]
#0 C:/Users/Win11Prem2026Marcius/Desktop/sulinaiv1/vendor/laravel/framework/src/Illuminate/Database/Connection.php(794): Illuminate/Database/Connection->runQueryCallback('DELIMITER // /n ...', Array, Object(Closure))
#1 C:/Users/Win11Prem2026Marcius/Desktop/sulinaiv1/vendor/laravel/framework/src/Illuminate/Database/Connection.php(627): Illuminate/Database/Connection->run('DELIMITER // /n ...', Array, Object(Closure))
#2 C:/Users/Win11Prem2026Marcius/Desktop/sulinaiv1/vendor/laravel/framework/src/Illuminate/Database/DatabaseManager.php(491): Illuminate/Database/Connection->unprepared('DELIMITER // /n ...')
#3 C:/Users/Win11Prem2026Marcius/Desktop/sulinaiv1/vendor/laravel/framework/src/Illuminate/Support/Facades/Facade.php(363): Illuminate/Database/DatabaseManager->__call('unprepared', Array)
#4 C:/Users/Win11Prem2026Marcius/Desktop/sulinaiv1/database/migrations/2026_03_29_130850_mig1.php(129): Illuminate/Support/Facades/Facade::__callStatic('unprepared', Array)
#5 C:/Users/Win11Prem2026Marcius/Desktop/sulinaiv1/vendor/laravel/framework/src/Illuminate/Database/Migrations/Migrator.php(517): Illuminate/Database/Migrations/Migration@anonymous->up()
#6 C:/Users/Win11Prem2026Marcius/Desktop/sulinaiv1/vendor/laravel/framework/src/Illuminate/Database/Migrations/Migrator.php(442): Illuminate/Database/Migrations/Migrator->runMethod(Object(Illuminate/Database/MySqlConnection), Object(Illuminate/Database/Migrations/Migration@anonymous), 'up')
#7 C:/Users/Win11Prem2026Marcius/Desktop/sulinaiv1/vendor/laravel/framework/src/Illuminate/Database/Migrations/Migrator.php(451): Illuminate/Database/Migrations/Migrator->Illuminate/Database/Migrations/{closure}()
#8 C:/Users/Win11Prem2026Marcius/Desktop/sulinaiv1/vendor/laravel/framework/src/Illuminate/Database/Migrations/Migrator.php(253): Illuminate/Database/Migrations/Migrator->runMigration(Object(Illuminate/Database/Migrations/Migration@anonymous), 'up')
#9 C:/Users/Win11Prem2026Marcius/Desktop/sulinaiv1/vendor/laravel/framework/src/Illuminate/Console/View/Components/Task.php(41): Illuminate/Database/Migrations/Migrator->Illuminate/Database/Migrations/{closure}()
#10 C:/Users/Win11Prem2026Marcius/Desktop/sulinaiv1/vendor/laravel/framework/src/Illuminate/Database/Migrations/Migrator.php(814): Illuminate/Console/View/Components/Task->render('2026_03_29_1308...', Object(Closure))
#11 C:/Users/Win11Prem2026Marcius/Desktop/sulinaiv1/vendor/laravel/framework/src/Illuminate/Database/Migrations/Migrator.php(253): Illuminate/Database/Migrations/Migrator->write('Illuminate//Cons...', '2026_03_29_1308...', Object(Closure))
#12 C:/Users/Win11Prem2026Marcius/Desktop/sulinaiv1/vendor/laravel/framework/src/Illuminate/Database/Migrations/Migrator.php(211): Illuminate/Database/Migrations/Migrator->runUp('C://Users//Win11P...', 2, false)
#13 C:/Users/Win11Prem2026Marcius/Desktop/sulinaiv1/vendor/laravel/framework/src/Illuminate/Database/Migrations/Migrator.php(138): Illuminate/Database/Migrations/Migrator->runPending(Array, Array)
#14 C:/Users/Win11Prem2026Marcius/Desktop/sulinaiv1/vendor/laravel/framework/src/Illuminate/Database/Console/Migrations/MigrateCommand.php(116): Illuminate/Database/Migrations/Migrator->run(Array, Array)
#15 C:/Users/Win11Prem2026Marcius/Desktop/sulinaiv1/vendor/laravel/framework/src/Illuminate/Database/Migrations/Migrator.php(671): Illuminate/Database/Console/Migrations/MigrateCommand->Illuminate/Database/Console/Migrations/{closure}()
#16 C:/Users/Win11Prem2026Marcius/Desktop/sulinaiv1/vendor/laravel/framework/src/Illuminate/Database/Console/Migrations/MigrateCommand.php(109): Illuminate/Database/Migrations/Migrator->usingConnection(NULL, Object(Closure))
#17 C:/Users/Win11Prem2026Marcius/Desktop/sulinaiv1/vendor/laravel/framework/src/Illuminate/Database/Console/Migrations/MigrateCommand.php(88): Illuminate/Database/Console/Migrations/MigrateCommand->runMigrations()
#18 C:/Users/Win11Prem2026Marcius/Desktop/sulinaiv1/vendor/laravel/framework/src/Illuminate/Container/BoundMethod.php(36): Illuminate/Database/Console/Migrations/MigrateCommand->handle()
#19 C:/Users/Win11Prem2026Marcius/Desktop/sulinaiv1/vendor/laravel/framework/src/Illuminate/Container/Util.php(43): Illuminate/Container/BoundMethod::Illuminate/Container/{closure}()
#20 C:/Users/Win11Prem2026Marcius/Desktop/sulinaiv1/vendor/laravel/framework/src/Illuminate/Container/BoundMethod.php(96): Illuminate/Container/Util::unwrapIfClosure(Object(Closure))
#21 C:/Users/Win11Prem2026Marcius/Desktop/sulinaiv1/vendor/laravel/framework/src/Illuminate/Container/BoundMethod.php(35): Illuminate/Container/BoundMethod::callBoundMethod(Object(Illuminate/Foundation/Application), Array, Object(Closure))
#22 C:/Users/Win11Prem2026Marcius/Desktop/sulinaiv1/vendor/laravel/framework/src/Illuminate/Container/Container.php(799): Illuminate/Container/BoundMethod::call(Object(Illuminate/Foundation/Application), Array, Array, NULL)
#23 C:/Users/Win11Prem2026Marcius/Desktop/sulinaiv1/vendor/laravel/framework/src/Illuminate/Console/Command.php(211): Illuminate/Container/Container->call(Array)
#24 C:/Users/Win11Prem2026Marcius/Desktop/sulinaiv1/vendor/symfony/console/Command/Command.php(341): Illuminate/Console/Command->execute(Object(Symfony/Component/Console/Input/ArgvInput), Object(Illuminate/Console/OutputStyle))
#25 C:/Users/Win11Prem2026Marcius/Desktop/sulinaiv1/vendor/laravel/framework/src/Illuminate/Console/Command.php(180): Symfony/Component/Console/Command/Command->run(Object(Symfony/Component/Console/Input/ArgvInput), Object(Illuminate/Console/OutputStyle))
#26 C:/Users/Win11Prem2026Marcius/Desktop/sulinaiv1/vendor/symfony/console/Application.php(1117): Illuminate/Console/Command->run(Object(Symfony/Component/Console/Input/ArgvInput), Object(Symfony/Component/Console/Output/ConsoleOutput))
#27 C:/Users/Win11Prem2026Marcius/Desktop/sulinaiv1/vendor/symfony/console/Application.php(356): Symfony/Component/Console/Application->doRunCommand(Object(Illuminate/Database/Console/Migrations/MigrateCommand), Object(Symfony/Component/Console/Input/ArgvInput), Object(Symfony/Component/Console/Output/ConsoleOutput))
#28 C:/Users/Win11Prem2026Marcius/Desktop/sulinaiv1/vendor/symfony/console/Application.php(195): Symfony/Component/Console/Application->doRun(Object(Symfony/Component/Console/Input/ArgvInput), Object(Symfony/Component/Console/Output/ConsoleOutput))
#29 C:/Users/Win11Prem2026Marcius/Desktop/sulinaiv1/vendor/laravel/framework/src/Illuminate/Foundation/Console/Kernel.php(198): Symfony/Component/Console/Application->run(Object(Symfony/Component/Console/Input/ArgvInput), Object(Symfony/Component/Console/Output/ConsoleOutput))
#30 C:/Users/Win11Prem2026Marcius/Desktop/sulinaiv1/vendor/laravel/framework/src/Illuminate/Foundation/Application.php(1235): Illuminate/Foundation/Console/Kernel->handle(Object(Symfony/Component/Console/Input/ArgvInput), Object(Symfony/Component/Console/Output/ConsoleOutput))
#31 C:/Users/Win11Prem2026Marcius/Desktop/sulinaiv1/artisan(16): Illuminate/Foundation/Application->handleCommand(Object(Symfony/Component/Console/Input/ArgvInput))
#32 {main}

[previous exception] [object] (PDOException(code: 42000): SQLSTATE[42000]: Syntax error or access violation: 1064 You have an error in your SQL syntax; check the manual that corresponds to your MariaDB server version for the right syntax to use near 'DELIMITER // 
 CREATE TRIGGER IF NOT EXISTS zenebekeresfeltoltesorarendbe AFT...' at line 1 at C:/Users/Win11Prem2026Marcius/Desktop/sulinaiv1/vendor/laravel/framework/src/Illuminate/Database/Connection.php:633)
[stacktrace]
#0 C:/Users/Win11Prem2026Marcius/Desktop/sulinaiv1/vendor/laravel/framework/src/Illuminate/Database/Connection.php(633): PDO->exec('DELIMITER // /n ...')
#1 C:/Users/Win11Prem2026Marcius/Desktop/sulinaiv1/vendor/laravel/framework/src/Illuminate/Database/Connection.php(827): Illuminate/Database/Connection->Illuminate/Database/{closure}('DELIMITER // /n ...', Array)
#2 C:/Users/Win11Prem2026Marcius/Desktop/sulinaiv1/vendor/laravel/framework/src/Illuminate/Database/Connection.php(794): Illuminate/Database/Connection->runQueryCallback('DELIMITER // /n ...', Array, Object(Closure))
#3 C:/Users/Win11Prem2026Marcius/Desktop/sulinaiv1/vendor/laravel/framework/src/Illuminate/Database/Connection.php(627): Illuminate/Database/Connection->run('DELIMITER // /n ...', Array, Object(Closure))
#4 C:/Users/Win11Prem2026Marcius/Desktop/sulinaiv1/vendor/laravel/framework/src/Illuminate/Database/DatabaseManager.php(491): Illuminate/Database/Connection->unprepared('DELIMITER // /n ...')
#5 C:/Users/Win11Prem2026Marcius/Desktop/sulinaiv1/vendor/laravel/framework/src/Illuminate/Support/Facades/Facade.php(363): Illuminate/Database/DatabaseManager->__call('unprepared', Array)
#6 C:/Users/Win11Prem2026Marcius/Desktop/sulinaiv1/database/migrations/2026_03_29_130850_mig1.php(129): Illuminate/Support/Facades/Facade::__callStatic('unprepared', Array)
#7 C:/Users/Win11Prem2026Marcius/Desktop/sulinaiv1/vendor/laravel/framework/src/Illuminate/Database/Migrations/Migrator.php(517): Illuminate/Database/Migrations/Migration@anonymous->up()
#8 C:/Users/Win11Prem2026Marcius/Desktop/sulinaiv1/vendor/laravel/framework/src/Illuminate/Database/Migrations/Migrator.php(442): Illuminate/Database/Migrations/Migrator->runMethod(Object(Illuminate/Database/MySqlConnection), Object(Illuminate/Database/Migrations/Migration@anonymous), 'up')
#9 C:/Users/Win11Prem2026Marcius/Desktop/sulinaiv1/vendor/laravel/framework/src/Illuminate/Database/Migrations/Migrator.php(451): Illuminate/Database/Migrations/Migrator->Illuminate/Database/Migrations/{closure}()
#10 C:/Users/Win11Prem2026Marcius/Desktop/sulinaiv1/vendor/laravel/framework/src/Illuminate/Database/Migrations/Migrator.php(253): Illuminate/Database/Migrations/Migrator->runMigration(Object(Illuminate/Database/Migrations/Migration@anonymous), 'up')
#11 C:/Users/Win11Prem2026Marcius/Desktop/sulinaiv1/vendor/laravel/framework/src/Illuminate/Console/View/Components/Task.php(41): Illuminate/Database/Migrations/Migrator->Illuminate/Database/Migrations/{closure}()
#12 C:/Users/Win11Prem2026Marcius/Desktop/sulinaiv1/vendor/laravel/framework/src/Illuminate/Database/Migrations/Migrator.php(814): Illuminate/Console/View/Components/Task->render('2026_03_29_1308...', Object(Closure))
#13 C:/Users/Win11Prem2026Marcius/Desktop/sulinaiv1/vendor/laravel/framework/src/Illuminate/Database/Migrations/Migrator.php(253): Illuminate/Database/Migrations/Migrator->write('Illuminate//Cons...', '2026_03_29_1308...', Object(Closure))
#14 C:/Users/Win11Prem2026Marcius/Desktop/sulinaiv1/vendor/laravel/framework/src/Illuminate/Database/Migrations/Migrator.php(211): Illuminate/Database/Migrations/Migrator->runUp('C://Users//Win11P...', 2, false)
#15 C:/Users/Win11Prem2026Marcius/Desktop/sulinaiv1/vendor/laravel/framework/src/Illuminate/Database/Migrations/Migrator.php(138): Illuminate/Database/Migrations/Migrator->runPending(Array, Array)
#16 C:/Users/Win11Prem2026Marcius/Desktop/sulinaiv1/vendor/laravel/framework/src/Illuminate/Database/Console/Migrations/MigrateCommand.php(116): Illuminate/Database/Migrations/Migrator->run(Array, Array)
#17 C:/Users/Win11Prem2026Marcius/Desktop/sulinaiv1/vendor/laravel/framework/src/Illuminate/Database/Migrations/Migrator.php(671): Illuminate/Database/Console/Migrations/MigrateCommand->Illuminate/Database/Console/Migrations/{closure}()
#18 C:/Users/Win11Prem2026Marcius/Desktop/sulinaiv1/vendor/laravel/framework/src/Illuminate/Database/Console/Migrations/MigrateCommand.php(109): Illuminate/Database/Migrations/Migrator->usingConnection(NULL, Object(Closure))
#19 C:/Users/Win11Prem2026Marcius/Desktop/sulinaiv1/vendor/laravel/framework/src/Illuminate/Database/Console/Migrations/MigrateCommand.php(88): Illuminate/Database/Console/Migrations/MigrateCommand->runMigrations()
#20 C:/Users/Win11Prem2026Marcius/Desktop/sulinaiv1/vendor/laravel/framework/src/Illuminate/Container/BoundMethod.php(36): Illuminate/Database/Console/Migrations/MigrateCommand->handle()
#21 C:/Users/Win11Prem2026Marcius/Desktop/sulinaiv1/vendor/laravel/framework/src/Illuminate/Container/Util.php(43): Illuminate/Container/BoundMethod::Illuminate/Container/{closure}()
#22 C:/Users/Win11Prem2026Marcius/Desktop/sulinaiv1/vendor/laravel/framework/src/Illuminate/Container/BoundMethod.php(96): Illuminate/Container/Util::unwrapIfClosure(Object(Closure))
#23 C:/Users/Win11Prem2026Marcius/Desktop/sulinaiv1/vendor/laravel/framework/src/Illuminate/Container/BoundMethod.php(35): Illuminate/Container/BoundMethod::callBoundMethod(Object(Illuminate/Foundation/Application), Array, Object(Closure))
#24 C:/Users/Win11Prem2026Marcius/Desktop/sulinaiv1/vendor/laravel/framework/src/Illuminate/Container/Container.php(799): Illuminate/Container/BoundMethod::call(Object(Illuminate/Foundation/Application), Array, Array, NULL)
#25 C:/Users/Win11Prem2026Marcius/Desktop/sulinaiv1/vendor/laravel/framework/src/Illuminate/Console/Command.php(211): Illuminate/Container/Container->call(Array)
#26 C:/Users/Win11Prem2026Marcius/Desktop/sulinaiv1/vendor/symfony/console/Command/Command.php(341): Illuminate/Console/Command->execute(Object(Symfony/Component/Console/Input/ArgvInput), Object(Illuminate/Console/OutputStyle))
#27 C:/Users/Win11Prem2026Marcius/Desktop/sulinaiv1/vendor/laravel/framework/src/Illuminate/Console/Command.php(180): Symfony/Component/Console/Command/Command->run(Object(Symfony/Component/Console/Input/ArgvInput), Object(Illuminate/Console/OutputStyle))
#28 C:/Users/Win11Prem2026Marcius/Desktop/sulinaiv1/vendor/symfony/console/Application.php(1117): Illuminate/Console/Command->run(Object(Symfony/Component/Console/Input/ArgvInput), Object(Symfony/Component/Console/Output/ConsoleOutput))
#29 C:/Users/Win11Prem2026Marcius/Desktop/sulinaiv1/vendor/symfony/console/Application.php(356): Symfony/Component/Console/Application->doRunCommand(Object(Illuminate/Database/Console/Migrations/MigrateCommand), Object(Symfony/Component/Console/Input/ArgvInput), Object(Symfony/Component/Console/Output/ConsoleOutput))
#30 C:/Users/Win11Prem2026Marcius/Desktop/sulinaiv1/vendor/symfony/console/Application.php(195): Symfony/Component/Console/Application->doRun(Object(Symfony/Component/Console/Input/ArgvInput), Object(Symfony/Component/Console/Output/ConsoleOutput))
#31 C:/Users/Win11Prem2026Marcius/Desktop/sulinaiv1/vendor/laravel/framework/src/Illuminate/Foundation/Console/Kernel.php(198): Symfony/Component/Console/Application->run(Object(Symfony/Component/Console/Input/ArgvInput), Object(Symfony/Component/Console/Output/ConsoleOutput))
#32 C:/Users/Win11Prem2026Marcius/Desktop/sulinaiv1/vendor/laravel/framework/src/Illuminate/Foundation/Application.php(1235): Illuminate/Foundation/Console/Kernel->handle(Object(Symfony/Component/Console/Input/ArgvInput), Object(Symfony/Component/Console/Output/ConsoleOutput))
#33 C:/Users/Win11Prem2026Marcius/Desktop/sulinaiv1/artisan(16): Illuminate/Foundation/Application->handleCommand(Object(Symfony/Component/Console/Input/ArgvInput))
#34 {main}
"} 
[2026-04-09 19:18:07] local.ERROR: SQLSTATE[42000]: Syntax error or access violation: 1064 You have an error in your SQL syntax; check the manual that corresponds to your MariaDB server version for the right syntax to use near 'select meddig from orarend ORDER BY mikortol DESC LIMIT 1,
        select TIM...' at line 1 (Connection: mysql, Host: 127.0.0.1, Port: 3306, Database: suliradionaiv, SQL:  CREATE TRIGGER IF NOT EXISTS zenebekeresvalidaciofrissitesorarendbehelyezes AFTER UPDATE on keres FOR EACH ROW    IF ( (NEW.validalte=1 | NEW.validalte=TRUE) && ((SELECT lejatszhatoe from zene where id like NEW.zeneid LIMIT 1 ) IN (TRUE,1))) THEN INSERT INTO orarend (zeneid,mikortol,meddig) VALUES (NEW.zeneid,select meddig from orarend ORDER BY mikortol DESC LIMIT 1,
        select TIMESTAMPADD(SECOND,select hossz from zene where id like NEW.zeneid, SELECT meddig from orarend ORDER BY mikortol  DESC LIMIT 1));END IF;) {"exception":"[object] (Illuminate\\Database\\QueryException(code: 42000): SQLSTATE[42000]: Syntax error or access violation: 1064 You have an error in your SQL syntax; check the manual that corresponds to your MariaDB server version for the right syntax to use near 'select meddig from orarend ORDER BY mikortol DESC LIMIT 1,
        select TIM...' at line 1 (Connection: mysql, Host: 127.0.0.1, Port: 3306, Database: suliradionaiv, SQL:  CREATE TRIGGER IF NOT EXISTS zenebekeresvalidaciofrissitesorarendbehelyezes AFTER UPDATE on keres FOR EACH ROW    IF ( (NEW.validalte=1 | NEW.validalte=TRUE) && ((SELECT lejatszhatoe from zene where id like NEW.zeneid LIMIT 1 ) IN (TRUE,1))) THEN INSERT INTO orarend (zeneid,mikortol,meddig) VALUES (NEW.zeneid,select meddig from orarend ORDER BY mikortol DESC LIMIT 1,
        select TIMESTAMPADD(SECOND,select hossz from zene where id like NEW.zeneid, SELECT meddig from orarend ORDER BY mikortol  DESC LIMIT 1));END IF;) at C:/Users/Win11Prem2026Marcius/Desktop/sulinaiv1/vendor/laravel/framework/src/Illuminate/Database/Connection.php:838)
[stacktrace]
#0 C:/Users/Win11Prem2026Marcius/Desktop/sulinaiv1/vendor/laravel/framework/src/Illuminate/Database/Connection.php(794): Illuminate/Database/Connection->runQueryCallback(' CREATE TRIGGER...', Array, Object(Closure))
#1 C:/Users/Win11Prem2026Marcius/Desktop/sulinaiv1/vendor/laravel/framework/src/Illuminate/Database/Connection.php(627): Illuminate/Database/Connection->run(' CREATE TRIGGER...', Array, Object(Closure))
#2 C:/Users/Win11Prem2026Marcius/Desktop/sulinaiv1/vendor/laravel/framework/src/Illuminate/Database/DatabaseManager.php(491): Illuminate/Database/Connection->unprepared(' CREATE TRIGGER...')
#3 C:/Users/Win11Prem2026Marcius/Desktop/sulinaiv1/vendor/laravel/framework/src/Illuminate/Support/Facades/Facade.php(363): Illuminate/Database/DatabaseManager->__call('unprepared', Array)
#4 C:/Users/Win11Prem2026Marcius/Desktop/sulinaiv1/database/migrations/2026_03_29_130850_mig1.php(134): Illuminate/Support/Facades/Facade::__callStatic('unprepared', Array)
#5 C:/Users/Win11Prem2026Marcius/Desktop/sulinaiv1/vendor/laravel/framework/src/Illuminate/Database/Migrations/Migrator.php(517): Illuminate/Database/Migrations/Migration@anonymous->up()
#6 C:/Users/Win11Prem2026Marcius/Desktop/sulinaiv1/vendor/laravel/framework/src/Illuminate/Database/Migrations/Migrator.php(442): Illuminate/Database/Migrations/Migrator->runMethod(Object(Illuminate/Database/MySqlConnection), Object(Illuminate/Database/Migrations/Migration@anonymous), 'up')
#7 C:/Users/Win11Prem2026Marcius/Desktop/sulinaiv1/vendor/laravel/framework/src/Illuminate/Database/Migrations/Migrator.php(451): Illuminate/Database/Migrations/Migrator->Illuminate/Database/Migrations/{closure}()
#8 C:/Users/Win11Prem2026Marcius/Desktop/sulinaiv1/vendor/laravel/framework/src/Illuminate/Database/Migrations/Migrator.php(253): Illuminate/Database/Migrations/Migrator->runMigration(Object(Illuminate/Database/Migrations/Migration@anonymous), 'up')
#9 C:/Users/Win11Prem2026Marcius/Desktop/sulinaiv1/vendor/laravel/framework/src/Illuminate/Console/View/Components/Task.php(41): Illuminate/Database/Migrations/Migrator->Illuminate/Database/Migrations/{closure}()
#10 C:/Users/Win11Prem2026Marcius/Desktop/sulinaiv1/vendor/laravel/framework/src/Illuminate/Database/Migrations/Migrator.php(814): Illuminate/Console/View/Components/Task->render('2026_03_29_1308...', Object(Closure))
#11 C:/Users/Win11Prem2026Marcius/Desktop/sulinaiv1/vendor/laravel/framework/src/Illuminate/Database/Migrations/Migrator.php(253): Illuminate/Database/Migrations/Migrator->write('Illuminate//Cons...', '2026_03_29_1308...', Object(Closure))
#12 C:/Users/Win11Prem2026Marcius/Desktop/sulinaiv1/vendor/laravel/framework/src/Illuminate/Database/Migrations/Migrator.php(211): Illuminate/Database/Migrations/Migrator->runUp('C://Users//Win11P...', 2, false)
#13 C:/Users/Win11Prem2026Marcius/Desktop/sulinaiv1/vendor/laravel/framework/src/Illuminate/Database/Migrations/Migrator.php(138): Illuminate/Database/Migrations/Migrator->runPending(Array, Array)
#14 C:/Users/Win11Prem2026Marcius/Desktop/sulinaiv1/vendor/laravel/framework/src/Illuminate/Database/Console/Migrations/MigrateCommand.php(116): Illuminate/Database/Migrations/Migrator->run(Array, Array)
#15 C:/Users/Win11Prem2026Marcius/Desktop/sulinaiv1/vendor/laravel/framework/src/Illuminate/Database/Migrations/Migrator.php(671): Illuminate/Database/Console/Migrations/MigrateCommand->Illuminate/Database/Console/Migrations/{closure}()
#16 C:/Users/Win11Prem2026Marcius/Desktop/sulinaiv1/vendor/laravel/framework/src/Illuminate/Database/Console/Migrations/MigrateCommand.php(109): Illuminate/Database/Migrations/Migrator->usingConnection(NULL, Object(Closure))
#17 C:/Users/Win11Prem2026Marcius/Desktop/sulinaiv1/vendor/laravel/framework/src/Illuminate/Database/Console/Migrations/MigrateCommand.php(88): Illuminate/Database/Console/Migrations/MigrateCommand->runMigrations()
#18 C:/Users/Win11Prem2026Marcius/Desktop/sulinaiv1/vendor/laravel/framework/src/Illuminate/Container/BoundMethod.php(36): Illuminate/Database/Console/Migrations/MigrateCommand->handle()
#19 C:/Users/Win11Prem2026Marcius/Desktop/sulinaiv1/vendor/laravel/framework/src/Illuminate/Container/Util.php(43): Illuminate/Container/BoundMethod::Illuminate/Container/{closure}()
#20 C:/Users/Win11Prem2026Marcius/Desktop/sulinaiv1/vendor/laravel/framework/src/Illuminate/Container/BoundMethod.php(96): Illuminate/Container/Util::unwrapIfClosure(Object(Closure))
#21 C:/Users/Win11Prem2026Marcius/Desktop/sulinaiv1/vendor/laravel/framework/src/Illuminate/Container/BoundMethod.php(35): Illuminate/Container/BoundMethod::callBoundMethod(Object(Illuminate/Foundation/Application), Array, Object(Closure))
#22 C:/Users/Win11Prem2026Marcius/Desktop/sulinaiv1/vendor/laravel/framework/src/Illuminate/Container/Container.php(799): Illuminate/Container/BoundMethod::call(Object(Illuminate/Foundation/Application), Array, Array, NULL)
#23 C:/Users/Win11Prem2026Marcius/Desktop/sulinaiv1/vendor/laravel/framework/src/Illuminate/Console/Command.php(211): Illuminate/Container/Container->call(Array)
#24 C:/Users/Win11Prem2026Marcius/Desktop/sulinaiv1/vendor/symfony/console/Command/Command.php(341): Illuminate/Console/Command->execute(Object(Symfony/Component/Console/Input/ArgvInput), Object(Illuminate/Console/OutputStyle))
#25 C:/Users/Win11Prem2026Marcius/Desktop/sulinaiv1/vendor/laravel/framework/src/Illuminate/Console/Command.php(180): Symfony/Component/Console/Command/Command->run(Object(Symfony/Component/Console/Input/ArgvInput), Object(Illuminate/Console/OutputStyle))
#26 C:/Users/Win11Prem2026Marcius/Desktop/sulinaiv1/vendor/symfony/console/Application.php(1117): Illuminate/Console/Command->run(Object(Symfony/Component/Console/Input/ArgvInput), Object(Symfony/Component/Console/Output/ConsoleOutput))
#27 C:/Users/Win11Prem2026Marcius/Desktop/sulinaiv1/vendor/symfony/console/Application.php(356): Symfony/Component/Console/Application->doRunCommand(Object(Illuminate/Database/Console/Migrations/MigrateCommand), Object(Symfony/Component/Console/Input/ArgvInput), Object(Symfony/Component/Console/Output/ConsoleOutput))
#28 C:/Users/Win11Prem2026Marcius/Desktop/sulinaiv1/vendor/symfony/console/Application.php(195): Symfony/Component/Console/Application->doRun(Object(Symfony/Component/Console/Input/ArgvInput), Object(Symfony/Component/Console/Output/ConsoleOutput))
#29 C:/Users/Win11Prem2026Marcius/Desktop/sulinaiv1/vendor/laravel/framework/src/Illuminate/Foundation/Console/Kernel.php(198): Symfony/Component/Console/Application->run(Object(Symfony/Component/Console/Input/ArgvInput), Object(Symfony/Component/Console/Output/ConsoleOutput))
#30 C:/Users/Win11Prem2026Marcius/Desktop/sulinaiv1/vendor/laravel/framework/src/Illuminate/Foundation/Application.php(1235): Illuminate/Foundation/Console/Kernel->handle(Object(Symfony/Component/Console/Input/ArgvInput), Object(Symfony/Component/Console/Output/ConsoleOutput))
#31 C:/Users/Win11Prem2026Marcius/Desktop/sulinaiv1/artisan(16): Illuminate/Foundation/Application->handleCommand(Object(Symfony/Component/Console/Input/ArgvInput))
#32 {main}

[previous exception] [object] (PDOException(code: 42000): SQLSTATE[42000]: Syntax error or access violation: 1064 You have an error in your SQL syntax; check the manual that corresponds to your MariaDB server version for the right syntax to use near 'select meddig from orarend ORDER BY mikortol DESC LIMIT 1,
        select TIM...' at line 1 at C:/Users/Win11Prem2026Marcius/Desktop/sulinaiv1/vendor/laravel/framework/src/Illuminate/Database/Connection.php:633)
[stacktrace]
#0 C:/Users/Win11Prem2026Marcius/Desktop/sulinaiv1/vendor/laravel/framework/src/Illuminate/Database/Connection.php(633): PDO->exec(' CREATE TRIGGER...')
#1 C:/Users/Win11Prem2026Marcius/Desktop/sulinaiv1/vendor/laravel/framework/src/Illuminate/Database/Connection.php(827): Illuminate/Database/Connection->Illuminate/Database/{closure}(' CREATE TRIGGER...', Array)
#2 C:/Users/Win11Prem2026Marcius/Desktop/sulinaiv1/vendor/laravel/framework/src/Illuminate/Database/Connection.php(794): Illuminate/Database/Connection->runQueryCallback(' CREATE TRIGGER...', Array, Object(Closure))
#3 C:/Users/Win11Prem2026Marcius/Desktop/sulinaiv1/vendor/laravel/framework/src/Illuminate/Database/Connection.php(627): Illuminate/Database/Connection->run(' CREATE TRIGGER...', Array, Object(Closure))
#4 C:/Users/Win11Prem2026Marcius/Desktop/sulinaiv1/vendor/laravel/framework/src/Illuminate/Database/DatabaseManager.php(491): Illuminate/Database/Connection->unprepared(' CREATE TRIGGER...')
#5 C:/Users/Win11Prem2026Marcius/Desktop/sulinaiv1/vendor/laravel/framework/src/Illuminate/Support/Facades/Facade.php(363): Illuminate/Database/DatabaseManager->__call('unprepared', Array)
#6 C:/Users/Win11Prem2026Marcius/Desktop/sulinaiv1/database/migrations/2026_03_29_130850_mig1.php(134): Illuminate/Support/Facades/Facade::__callStatic('unprepared', Array)
#7 C:/Users/Win11Prem2026Marcius/Desktop/sulinaiv1/vendor/laravel/framework/src/Illuminate/Database/Migrations/Migrator.php(517): Illuminate/Database/Migrations/Migration@anonymous->up()
#8 C:/Users/Win11Prem2026Marcius/Desktop/sulinaiv1/vendor/laravel/framework/src/Illuminate/Database/Migrations/Migrator.php(442): Illuminate/Database/Migrations/Migrator->runMethod(Object(Illuminate/Database/MySqlConnection), Object(Illuminate/Database/Migrations/Migration@anonymous), 'up')
#9 C:/Users/Win11Prem2026Marcius/Desktop/sulinaiv1/vendor/laravel/framework/src/Illuminate/Database/Migrations/Migrator.php(451): Illuminate/Database/Migrations/Migrator->Illuminate/Database/Migrations/{closure}()
#10 C:/Users/Win11Prem2026Marcius/Desktop/sulinaiv1/vendor/laravel/framework/src/Illuminate/Database/Migrations/Migrator.php(253): Illuminate/Database/Migrations/Migrator->runMigration(Object(Illuminate/Database/Migrations/Migration@anonymous), 'up')
#11 C:/Users/Win11Prem2026Marcius/Desktop/sulinaiv1/vendor/laravel/framework/src/Illuminate/Console/View/Components/Task.php(41): Illuminate/Database/Migrations/Migrator->Illuminate/Database/Migrations/{closure}()
#12 C:/Users/Win11Prem2026Marcius/Desktop/sulinaiv1/vendor/laravel/framework/src/Illuminate/Database/Migrations/Migrator.php(814): Illuminate/Console/View/Components/Task->render('2026_03_29_1308...', Object(Closure))
#13 C:/Users/Win11Prem2026Marcius/Desktop/sulinaiv1/vendor/laravel/framework/src/Illuminate/Database/Migrations/Migrator.php(253): Illuminate/Database/Migrations/Migrator->write('Illuminate//Cons...', '2026_03_29_1308...', Object(Closure))
#14 C:/Users/Win11Prem2026Marcius/Desktop/sulinaiv1/vendor/laravel/framework/src/Illuminate/Database/Migrations/Migrator.php(211): Illuminate/Database/Migrations/Migrator->runUp('C://Users//Win11P...', 2, false)
#15 C:/Users/Win11Prem2026Marcius/Desktop/sulinaiv1/vendor/laravel/framework/src/Illuminate/Database/Migrations/Migrator.php(138): Illuminate/Database/Migrations/Migrator->runPending(Array, Array)
#16 C:/Users/Win11Prem2026Marcius/Desktop/sulinaiv1/vendor/laravel/framework/src/Illuminate/Database/Console/Migrations/MigrateCommand.php(116): Illuminate/Database/Migrations/Migrator->run(Array, Array)
#17 C:/Users/Win11Prem2026Marcius/Desktop/sulinaiv1/vendor/laravel/framework/src/Illuminate/Database/Migrations/Migrator.php(671): Illuminate/Database/Console/Migrations/MigrateCommand->Illuminate/Database/Console/Migrations/{closure}()
#18 C:/Users/Win11Prem2026Marcius/Desktop/sulinaiv1/vendor/laravel/framework/src/Illuminate/Database/Console/Migrations/MigrateCommand.php(109): Illuminate/Database/Migrations/Migrator->usingConnection(NULL, Object(Closure))
#19 C:/Users/Win11Prem2026Marcius/Desktop/sulinaiv1/vendor/laravel/framework/src/Illuminate/Database/Console/Migrations/MigrateCommand.php(88): Illuminate/Database/Console/Migrations/MigrateCommand->runMigrations()
#20 C:/Users/Win11Prem2026Marcius/Desktop/sulinaiv1/vendor/laravel/framework/src/Illuminate/Container/BoundMethod.php(36): Illuminate/Database/Console/Migrations/MigrateCommand->handle()
#21 C:/Users/Win11Prem2026Marcius/Desktop/sulinaiv1/vendor/laravel/framework/src/Illuminate/Container/Util.php(43): Illuminate/Container/BoundMethod::Illuminate/Container/{closure}()
#22 C:/Users/Win11Prem2026Marcius/Desktop/sulinaiv1/vendor/laravel/framework/src/Illuminate/Container/BoundMethod.php(96): Illuminate/Container/Util::unwrapIfClosure(Object(Closure))
#23 C:/Users/Win11Prem2026Marcius/Desktop/sulinaiv1/vendor/laravel/framework/src/Illuminate/Container/BoundMethod.php(35): Illuminate/Container/BoundMethod::callBoundMethod(Object(Illuminate/Foundation/Application), Array, Object(Closure))
#24 C:/Users/Win11Prem2026Marcius/Desktop/sulinaiv1/vendor/laravel/framework/src/Illuminate/Container/Container.php(799): Illuminate/Container/BoundMethod::call(Object(Illuminate/Foundation/Application), Array, Array, NULL)
#25 C:/Users/Win11Prem2026Marcius/Desktop/sulinaiv1/vendor/laravel/framework/src/Illuminate/Console/Command.php(211): Illuminate/Container/Container->call(Array)
#26 C:/Users/Win11Prem2026Marcius/Desktop/sulinaiv1/vendor/symfony/console/Command/Command.php(341): Illuminate/Console/Command->execute(Object(Symfony/Component/Console/Input/ArgvInput), Object(Illuminate/Console/OutputStyle))
#27 C:/Users/Win11Prem2026Marcius/Desktop/sulinaiv1/vendor/laravel/framework/src/Illuminate/Console/Command.php(180): Symfony/Component/Console/Command/Command->run(Object(Symfony/Component/Console/Input/ArgvInput), Object(Illuminate/Console/OutputStyle))
#28 C:/Users/Win11Prem2026Marcius/Desktop/sulinaiv1/vendor/symfony/console/Application.php(1117): Illuminate/Console/Command->run(Object(Symfony/Component/Console/Input/ArgvInput), Object(Symfony/Component/Console/Output/ConsoleOutput))
#29 C:/Users/Win11Prem2026Marcius/Desktop/sulinaiv1/vendor/symfony/console/Application.php(356): Symfony/Component/Console/Application->doRunCommand(Object(Illuminate/Database/Console/Migrations/MigrateCommand), Object(Symfony/Component/Console/Input/ArgvInput), Object(Symfony/Component/Console/Output/ConsoleOutput))
#30 C:/Users/Win11Prem2026Marcius/Desktop/sulinaiv1/vendor/symfony/console/Application.php(195): Symfony/Component/Console/Application->doRun(Object(Symfony/Component/Console/Input/ArgvInput), Object(Symfony/Component/Console/Output/ConsoleOutput))
#31 C:/Users/Win11Prem2026Marcius/Desktop/sulinaiv1/vendor/laravel/framework/src/Illuminate/Foundation/Console/Kernel.php(198): Symfony/Component/Console/Application->run(Object(Symfony/Component/Console/Input/ArgvInput), Object(Symfony/Component/Console/Output/ConsoleOutput))
#32 C:/Users/Win11Prem2026Marcius/Desktop/sulinaiv1/vendor/laravel/framework/src/Illuminate/Foundation/Application.php(1235): Illuminate/Foundation/Console/Kernel->handle(Object(Symfony/Component/Console/Input/ArgvInput), Object(Symfony/Component/Console/Output/ConsoleOutput))
#33 C:/Users/Win11Prem2026Marcius/Desktop/sulinaiv1/artisan(16): Illuminate/Foundation/Application->handleCommand(Object(Symfony/Component/Console/Input/ArgvInput))
#34 {main}
"} 
[2026-04-10 09:31:51] local.ERROR: Access level to App\Models\zenemodel::$timestamps must be public (as in class Illuminate\Database\Eloquent\Model) {"exception":"[object] (Symfony\\Component\\ErrorHandler\\Error\\FatalError(code: 0): Access level to App\\Models\\zenemodel::$timestamps must be public (as in class Illuminate\\Database\\Eloquent\\Model) at C:/Users/Win11Prem2026Marcius/Desktop/sulinaiv1/app/Models/zenemodel.php:7)
[stacktrace]
#0 {main}
"} 
[2026-04-10 14:07:06] local.ERROR: Access level to App\Models\szesionmodel::$timestamps must be public (as in class Illuminate\Database\Eloquent\Model) {"exception":"[object] (Symfony\\Component\\ErrorHandler\\Error\\FatalError(code: 0): Access level to App\\Models\\szesionmodel::$timestamps must be public (as in class Illuminate\\Database\\Eloquent\\Model) at C:/Users/Win11Prem2026Marcius/Desktop/sulinaiv1/app/Models/szesionmodel.php:7)
[stacktrace]
#0 {main}
"} 
[2026-04-10 14:08:09] local.ERROR: Access level to App\Models\szesionmodel::$timestamps must be public (as in class Illuminate\Database\Eloquent\Model) {"exception":"[object] (Symfony\\Component\\ErrorHandler\\Error\\FatalError(code: 0): Access level to App\\Models\\szesionmodel::$timestamps must be public (as in class Illuminate\\Database\\Eloquent\\Model) at C:/Users/Win11Prem2026Marcius/Desktop/sulinaiv1/app/Models/szesionmodel.php:7)
[stacktrace]
#0 {main}
"} 
[2026-04-10 15:53:29] local.ERROR: Command "felhasznalokontroller" is not defined. {"exception":"[object] (Symfony\\Component\\Console\\Exception\\CommandNotFoundException(code: 0): Command \"felhasznalokontroller\" is not defined. at C:/Users/Win11Prem2026Marcius/Desktop/sulinaiv1/vendor/symfony/console/Application.php:759)
[stacktrace]
#0 C:/Users/Win11Prem2026Marcius/Desktop/sulinaiv1/vendor/symfony/console/Application.php(298): Symfony/Component/Console/Application->find('felhasznalokont...')
#1 C:/Users/Win11Prem2026Marcius/Desktop/sulinaiv1/vendor/symfony/console/Application.php(195): Symfony/Component/Console/Application->doRun(Object(Symfony/Component/Console/Input/ArgvInput), Object(Symfony/Component/Console/Output/ConsoleOutput))
#2 C:/Users/Win11Prem2026Marcius/Desktop/sulinaiv1/vendor/laravel/framework/src/Illuminate/Foundation/Console/Kernel.php(198): Symfony/Component/Console/Application->run(Object(Symfony/Component/Console/Input/ArgvInput), Object(Symfony/Component/Console/Output/ConsoleOutput))
#3 C:/Users/Win11Prem2026Marcius/Desktop/sulinaiv1/vendor/laravel/framework/src/Illuminate/Foundation/Application.php(1235): Illuminate/Foundation/Console/Kernel->handle(Object(Symfony/Component/Console/Input/ArgvInput), Object(Symfony/Component/Console/Output/ConsoleOutput))
#4 C:/Users/Win11Prem2026Marcius/Desktop/sulinaiv1/artisan(16): Illuminate/Foundation/Application->handleCommand(Object(Symfony/Component/Console/Input/ArgvInput))
#5 {main}
"} 
